{
    "classic": [ {
      "name": "AUG_A3_ESPORT",
      "tournament": "camp"
    },{
      "name": "AUG_A3_HALLOWEEN",
      "tournament": "camp"
    },{
      "name": "AUG_A3_PBIC2013",
      "tournament": "camp"
    },{
      "name": "AUG_A3_PBIC2014",
      "tournament": "camp"
    },{
      "name": "AUG_A3_R",
      "tournament": "camp"
    },{
      "name": "P90_EXT_LIBERTY",
      "tournament": "camp"
    },{
      "name": "P90_EXT_SILENCE_ID_2STANNI",
      "tournament": "camp"
    },{
      "name": "P90_EXT_SILENCE_NEWBORN2017",
      "tournament": "camp"
    },{
      "name": "P90_EXT_SILENCE_KEMERDE",
      "tournament": "camp"
    },{
	  "name": "Mask Twiligth",
      "tournament": "camp"
    },{
      "name": "AK_FC",
      "tournament": "camp"
    },{
      "name": "AK_FC_FLAME",
      "tournament": "camp"
    },{
      "name": "AK47_ELITE",
      "tournament": "camp"
    },{
      "name": "AK47_PBIC2013",
      "tournament": "camp"
    },{
      "name": "M4A1_PBIC2013",
      "tournament": "camp"
    },{
      "name": "FAMAS_G2_SCOPE",
      "tournament": "camp"
    },{
      "name": "FAMAS_G2_M203",
      "tournament": "camp"
    },{
      "name": "FAMAS_G2_COMMANDO_ESPORT",
      "tournament": "camp"
    },{
      "name": "FAMAS_G2_COMMANDO_GOLD",
      "tournament": "camp"
    },{
      "name": "FAMAS_G2_SL",
      "tournament": "camp"
    },{
      "name": "FAMAS_G2M",
      "tournament": "camp"
    },{
      "name": "FAMAS_G2_COMMANDO_PBTN",
      "tournament": "camp"
    },{
      "name": "FAMAS_G2_GRS",
      "tournament": "camp"
    },{
      "name": "FAMAS_G2_GRS_EV",
      "tournament": "camp"
    },{
      "name": "FAMAS_G2_M203_E_SPORTS2",
      "tournament": "camp"
    },{
      "name": "FAMAS_G2_COMMANDO_NEWBORN2016",
      "tournament": "camp"
    },{
      "name": "FAMAS_G2_COMMANDO_FIRE",
      "tournament": "camp"
    },{
      "name": "FAMAS_G2_COMMANDO_TALOS",
      "tournament": "camp"
    },{
      "name": "FAMAS_G2_COMMANDO_PBWC2017",
      "tournament": "camp"
    },{
      "name": "FAMAS_G2_COMMANDO_TSE",
      "tournament": "camp"
    },{
      "name": "FAMAS_G2_COMMANDO_BLACK",
      "tournament": "camp"
    },{
      "name": "FAMAS_G2_COMMANDO_RED",
      "tournament": "camp"
    },{
      "name": "FAMAS_G2_COMMANDO_BLUE",
      "tournament": "camp"
    },{
      "name": "SCAR_L_FC",
      "tournament": "camp"
    },{
      "name": "SCAR_L_FC_PBNC2015_US",
      "tournament": "camp"
    },{
      "name": "SCAR_L_FC_FREEDOM",
      "tournament": "camp"
    },{
      "name": "HK417",
      "tournament": "camp"
    },{
      "name": "AN94",
      "tournament": "camp"
    },{
      "name": "TAR_21",
      "tournament": "camp"
    },{
      "name": "FG42",
      "tournament": "camp"
    },{
      "name": "FG42_GOLD",
      "tournament": "camp"
    },{
      "name": "TAR_21_MIDNIGHT",
      "tournament": "camp"
    },{
      "name": "TAR_21_BR_CAMO",
      "tournament": "camp"
    },{
      "name": "SC_2010_GOLD",
      "tournament": "camp"
    },{
      "name": "SC_2010",
      "tournament": "camp"
    },{
      "name": "SC_2010_Q",
      "tournament": "camp"
    },{
      "name": "SC_2010_NEWBORN_2015",
      "tournament": "camp"
    },{
      "name": "SC_2010_MEDICAL",
      "tournament": "camp"
    },{
      "name": "SC_2010_XMAS2015",
      "tournament": "camp"
    },{
      "name": "SC_2010_STRIKE",
      "tournament": "camp"
    },{
      "name": "SC_2010_DOLPHIN",
      "tournament": "camp"
    },{
      "name": "SC_2010_DRACULA",
      "tournament": "camp"
    },{
      "name": "SC_2010_PBIC2016",
      "tournament": "camp"
    },{
      "name": "SC_2010_GREEN",
      "tournament": "camp"
    },{
      "name": "SC_2010_CNPB_T5",
      "tournament": "camp"
    },{
      "name": "SC_2010_LEBARAN2017",
      "tournament": "camp"
    },{
      "name": "SC_2010_BRAZUCA2",
      "tournament": "camp"
    },{
      "name": "SC_2010_BOLT",
      "tournament": "camp"
    },{
      "name": "SC_2010_PBNC2017",
      "tournament": "camp"
    },{
      "name": "SC_2010_KEMERDE",
      "tournament": "camp"
    },{
      "name": "SC_2010_7TH_ANNIVERSARY",
      "tournament": "camp"
    },{
      "name": "SC_2010_AGUILA",
      "tournament": "camp"
    },{
      "name": "SC_2010_PBST_ES",
      "tournament": "camp"
    },{
      "name": "SC_2010_REBEL",
      "tournament": "camp"
    },{
      "name": "SC_2010_HALLOWEEN2017",
      "tournament": "camp"
    },{
      "name": "SC_2010_DESERTHOUND",
      "tournament": "camp"
    },{
      "name": "SC_2010_BLACK",
      "tournament": "camp"
    },{
      "name": "SC_2010_RED",
      "tournament": "camp"
    },{
      "name": "SC_2010_BLUE",
      "tournament": "camp"
    },{
      "name": "SC_2010_NEVASCA",
      "tournament": "camp"
    },{
      "name": "SC_2010_RRQ",
      "tournament": "camp"
    },{
      "name": "SC_2010_GRSV",
      "tournament": "camp"
    },{
      "name": "ASSAULT_SC_2010_GRSV",
      "tournament": "camp"
    },{
      "name": "ASSAULT_SC_2010_NUSANTARA",
      "tournament": "camp"
    },{
      "name": "ASSAULT_SC_2010_HOLI",
      "tournament": "camp"
    },{
      "name": "ASSAULT_SC_2010_M1LGR4U",
      "tournament": "camp"
    },{
      "name": "ASSAULT_SC_2010_PBWC2018",
      "tournament": "camp"
    },{
      "name": "ASSAULT_SC_2010_3RDANNI",
      "tournament": "camp"
    },{
      "name": "SC_2010_MILKYWAY",
      "tournament": "camp"
    },{
      "name": "SC_2010_BRAZUCA3",
      "tournament": "camp"
    },{
      "name": "Pindad_SS2_V4_Gold_GW",
      "tournament": "camp"
    },{
      "name": "TAR_21_NON_LOGO_MIDNIGHT",
      "tournament": "camp"
    },{
      "name": "AN94_GOLD",
      "tournament": "camp"
    },{
      "name": "TAR_21_GOLD",
      "tournament": "camp"
    },{
      "name": "XM8",
      "tournament": "camp"
    },{
      "name": "XM8_GOLD",
      "tournament": "camp"
    },{
      "name": "TAR_21_SHEEP",
      "tournament": "camp"
    },{
      "name": "VZ52_BLACK_PEARL",
      "tournament": "camp"
    },{
      "name": "WATERGUN_2016",
      "tournament": "camp"
    },{
      "name": "PINDAD_SS2_V5_GOLD",
      "tournament": "camp"
    },{
      "name": "PINDAD_SS2_V5",
      "tournament": "camp"
    },{
      "name": "PINDAD_SS2_V5_SILVER",
      "tournament": "camp"
    },{
      "name": "XM8_WOODY",
      "tournament": "camp"
    },{
      "name": "K2C_PBIC2016",
      "tournament": "camp"
    },{
      "name": "PINDAD_SS2_V5_PBNC2016",
      "tournament": "camp"
    },{
      "name": "PINDAD_SS2_V5_MYSTIC",
      "tournament": "camp"
    },{
      "name": "SIG-Sauer_MCX",
      "tournament": "camp"
    },{
      "name": "SIG-Sauer_MCX_Gold",
      "tournament": "camp"
    },{
      "name": "SIG-Sauer_MCX_Silver",
      "tournament": "camp"
    },{
      "name": "CHRISTMAS2016_CANEGUN",
      "tournament": "camp"
    },{
      "name": "PINDAD_SS2_V5_ICE",
      "tournament": "camp"
    },{
      "name": "PINDAD_SS2_V5_LIGHTNING",
      "tournament": "camp"
    },{
      "name": "MSBS",
      "tournament": "camp"
    },{
      "name": "MSBS_SILVER",
      "tournament": "camp"
    },{
      "name": "MSBS_GOLD",
      "tournament": "camp"
    },{
      "name": "PINDAD_SS2_V5_PBNC2017",
      "tournament": "camp"
    },{
      "name": "TAR_21_NEWBORN2017",
      "tournament": "camp"
    },{
      "name": "PINDAD_SS2_V5_KEMERDE",
      "tournament": "camp"
    },{
      "name": "PINDAD_SS2_V5_PBIC2017",
      "tournament": "camp"
    },{
      "name": "K2C_PBIC2017",
      "tournament": "camp"
    },{
      "name": "AUG_HBAR",
      "tournament": "camp"
    },{
      "name": "AUG_HBAR_SL",
      "tournament": "camp"
    },{
      "name": "AUG_HBAR_GOLD",
      "tournament": "camp"
    },{
      "name": "GROZA_BLACK",
      "tournament": "camp"
    },{
      "name": "PINDAD_SS2_V5_BLACK",
      "tournament": "camp"
    },{
      "name": "TAR_21_BLACK",
      "tournament": "camp"
    },{
      "name": "GROZA_RED",
      "tournament": "camp"
    },{
      "name": "PINDAD_SS2_V5_RED",
      "tournament": "camp"
    },{
      "name": "TAR_21_RED",
      "tournament": "camp"
    },{
      "name": "GROZA_BLUE",
      "tournament": "camp"
    },{
      "name": "PINDAD_SS2_V5_BLUE",
      "tournament": "camp"
    },{
      "name": "TAR_21_BLUE",
      "tournament": "camp"
    },{
      "name": "G11_ACRYLIC",
      "tournament": "camp"
    },{
      "name": "ASSAULT_GROZA_GRADUATION",
      "tournament": "camp"
    },{
      "name": "ASSAULT_BATTLEBOX_LION",
      "tournament": "camp"
    },{
      "name": "ASSAULT_MSBS_3RDANNI",
      "tournament": "camp"
    },{
      "name": "SPECTRE_STEADYAIM",
      "tournament": "camp"
    },{
      "name": "MP5K_SILENCER",
      "tournament": "camp"
    },{
      "name": "KRISSSUPERV_CUPID",
      "tournament": "camp"
    },{
      "name": "MP7_DOTSIGHT",
      "tournament": "camp"
    },{
      "name": "KRISSSUPERV",
      "tournament": "camp"
    },{
      "name": "MP5G",
      "tournament": "camp"
    },{
      "name": "UMP45_DUALMAG",
      "tournament": "camp"
    },{
      "name": "SPECTRE_W",
      "tournament": "camp"
    },{
      "name": "KRISSSUPERV_DUMMY",
      "tournament": "camp"
    },{
      "name": "MP5K_SILVER",
      "tournament": "camp"
    },{
      "name": "MP5K_WHITE",
      "tournament": "camp"
    },{
      "name": "SPECTRE_WHITE",
      "tournament": "camp"
    },{
      "name": "KRISSSUPERV_CUPID_DUMMY",
      "tournament": "camp"
    },{
      "name": "KRISSSUPERV_EVENT",
      "tournament": "camp"
    },{
      "name": "SPECTRE_SILVER",
      "tournament": "camp"
    },{
      "name": "K1_SILVER",
      "tournament": "camp"
    },{
      "name": "MP7_SILVER",
      "tournament": "camp"
    },{
      "name": "UMP45_SILVER",
      "tournament": "camp"
    },{
      "name": "MP5K_SERIF_D",
      "tournament": "camp"
    },{
      "name": "SPECTRE_WHITE_D",
      "tournament": "camp"
    },{
      "name": "KRISSSUPERV_GOLD",
      "tournament": "camp"
    },{
      "name": "KRISSSUPERV_GOLD_DUMMY",
      "tournament": "camp"
    },{
      "name": "KRISSSUPERV_D",
      "tournament": "camp"
    },{
      "name": "KRISSSUPERV_D_DUMMY",
      "tournament": "camp"
    },{
      "name": "KRISSSUPERV_BLACK",
      "tournament": "camp"
    },{
      "name": "KRISSSUPERV_BLACK_DUMMY",
      "tournament": "camp"
    },{
      "name": "KRISSSUPERV_SAKURA_DUMMY",
      "tournament": "camp"
    },{
      "name": "KRISSSUPERV_BATIK_D",
      "tournament": "camp"
    },{
      "name": "KRISSSUPERV_BATIK_D_DUMMY",
      "tournament": "camp"
    },{
      "name": "KRISSSUPERV_ESPORT",
      "tournament": "camp"
    },{
      "name": "KRISSSUPERV_ESPORT_DUMMY",
      "tournament": "camp"
    },{
      "name": "KRISSSUPERV_BATIK",
      "tournament": "camp"
    },{
      "name": "KRISSSUPERV_BATIK_DUMMY",
      "tournament": "camp"
    },{
      "name": "KRISSSUPERV_VECTOR",
      "tournament": "camp"
    },{
      "name": "KRISSSUPERV_VECTOR_DUMMY",
      "tournament": "camp"
    },{
      "name": "SPECTRE_NON_EXT",
      "tournament": "camp"
    },{
      "name": "KRISSSUPERV_IC",
      "tournament": "camp"
    },{
      "name": "KRISSSUPERV_IC_DUMMY",
      "tournament": "camp"
    },{
      "name": "KRISSSUPERV_EV",
      "tournament": "camp"
    },{
      "name": "KRISSSUPERV_EV_DUMMY",
      "tournament": "camp"
    },{
      "name": "KRISSSUPERV_PBTN",
      "tournament": "camp"
    },{
      "name": "KRISSSUPERV_PBTN_DUMMY",
      "tournament": "camp"
    },{
      "name": "KRISSSUPERV_GRS",
      "tournament": "camp"
    },{
      "name": "KRISSSUPERV_GRS_DUMMY",
      "tournament": "camp"
    },{
      "name": "KRISSSUPERV_GSL",
      "tournament": "camp"
    },{
      "name": "KRISSSUPERV_GSL_DUMMY",
      "tournament": "camp"
    },{
      "name": "KRISSSUPERV_BLACK_P",
      "tournament": "camp"
    },{
      "name": "KRISSSUPERV_BLACK_P_DUMMY",
      "tournament": "camp"
    },{
      "name": "KRISSSUPERV_GRS_EV",
      "tournament": "camp"
    },{
	 "name": "BeretPBTN",
      "tournament": "camp"
    },{
      "name": "KRISSSUPERV_GRS_DUMMY_EV",
      "tournament": "camp"
    },{
      "name": "KRISSSUPERV_4TH_ANNIVERSARY",
      "tournament": "camp"
    },{
      "name": "KRISSSUPERV_4TH_ANNIVERSARY_DUMMY",
      "tournament": "camp"
    },{
      "name": "KRISSSUPERV_PBIC2013",
      "tournament": "camp"
    },{
      "name": "KRISSSUPERV_PBIC2013_DUMMY",
      "tournament": "camp"
    },{
      "name": "KRISSSUPERV_BEYOND",
      "tournament": "camp"
    },{
      "name": "PP19",
      "tournament": "camp"
    },{
      "name": "KRISSSUPERV_BEYOND",
      "tournament": "camp"
    },{
      "name": "KRISSSUPERV_SILENCE",
      "tournament": "camp"
    },{
      "name": "KRISSSUPERV_BEYOND_DUMMY",
      "tournament": "camp"
    },{
      "name": "KRISSSUPERV_SILENCE_DUMMY",
      "tournament": "camp"
    },{
      "name": "KRISSSUPERV_TURKEY",
      "tournament": "camp"
    },{
      "name": "KRISSSUPERV_TURKEY_DUMMY",
      "tournament": "camp"
    },{
      "name": "KRISSSUPERV_SAKURA",
      "tournament": "camp"
    },{
      "name": "KRISSSUPERV_SERPENT",
      "tournament": "camp"
    },{
      "name": "KRISSSUPERV_SERPENT_DUMMY",
      "tournament": "camp"
    },{
      "name": "KRISSSUPERV_TH_1YEAR",
      "tournament": "camp"
    },{
      "name": "KRISSSUPERV_TH_1YEAR_DUMMY",
      "tournament": "camp"
    },{
      "name": "KRISSSUPERV_R",
      "tournament": "camp"
    },{
      "name": "KRISSSUPERV_R_DUMMY",
      "tournament": "camp"
    },{
      "name": "KRISSSUPERV_INFERNO",
      "tournament": "camp"
    },{
      "name": "KRISSSUPERV_INFERNO_DUMMY",
      "tournament": "camp"
    },{
      "name": "KRISSSUPERV_GSL2014",
      "tournament": "camp"
    },{
      "name": "KRISSSUPERV_GSL2014_DUMMY",
      "tournament": "camp"
    },{
      "name": "KRISSSUPERV_MIDNIGHT",
      "tournament": "camp"
    },{
      "name": "KRISSSUPERV_MIDNIGHT_DUMMY",
      "tournament": "camp"
    },{
      "name": "OA93",
      "tournament": "camp"
    },{
      "name": "OA93_DUMMY",
      "tournament": "camp"
    },{
      "name": "OA93_GOLD",
      "tournament": "camp"
    },{
      "name": "OA93_GOLD_DUMMY",
      "tournament": "camp"
    },{
      "name": "KRISSSUPERV_BRAZUCA",
      "tournament": "camp"
    },{
      "name": "KRISSSUPERV_BRAZUCA_DUMMY",
      "tournament": "camp"
    },{
      "name": "KRISSSUPERV_CHAMPION",
      "tournament": "camp"
    },{
      "name": "KRISSSUPERV_CHAMPION_DUMMY",
      "tournament": "camp"
    },{
      "name": "KRISSSUPERV_WOE",
      "tournament": "camp"
    },{
      "name": "KRISSSUPERV_WOE_DUMMY",
      "tournament": "camp"
    },{
      "name": "KRISSSUPERV_NON_LOGO_MIDNIGHT_DUMMY",
      "tournament": "camp"
    },{
      "name": "KRISSSUPERV_PC_CAFE",
      "tournament": "camp"
    },{
      "name": "KRISSSUPERV_PC_CAFE_DUMMY",
      "tournament": "camp"
    },{
      "name": "KRISSSUPERV_PBSC2014",
      "tournament": "camp"
    },{
      "name": "KRISSSUPERV_PBSC2014_DUMMY",
      "tournament": "camp"
    },{
      "name": "KRISSSUPERV_G_ESPORTS_DUMMY",
      "tournament": "camp"
    },{
      "name": "KRISSSUPERV_G_ESPORTS",
      "tournament": "camp"
    },{
      "name": "KRISSSUPERV_TOY",
      "tournament": "camp"
    },{
      "name": "KRISSSUPERV_TOY_DUMMY",
      "tournament": "camp"
    },{
      "name": "OA93_Q",
      "tournament": "camp"
    },{
      "name": "OA93_Q_DUMMY",
      "tournament": "camp"
    },{
      "name": "OA93_XMAS",
      "tournament": "camp"
    },{
      "name": "OA93_XMAS_DUMMY",
      "tournament": "camp"
    },{
      "name": "PP19_XMAS",
      "tournament": "camp"
    },{
      "name": "KRISSSUPERV_XMAS",
      "tournament": "camp"
    },{
      "name": "KRISSSUPERV_XMAS_DUMMY",
      "tournament": "camp"
    },{
      "name": "KRISSSUPERV_COUPLEBREAKER",
      "tournament": "camp"
    },{
      "name": "KRISSSUPERV_COUPLEBREAKER_DUMMY",
      "tournament": "camp"
    },{
      "name": "KRISSSUPERV_CNY2015",
      "tournament": "camp"
    },{
      "name": "KRISSSUPERV_CNY2015_DUMMY",
      "tournament": "camp"
    },{
      "name": "KRISSSUPERV_GRS2",
      "tournament": "camp"
    },{
      "name": "KRISSSUPERV_GRS2_DUMMY",
      "tournament": "camp"
    },{
      "name": "KRISSSUPERV_NEWBORN_2015",
      "tournament": "camp"
    },{
      "name": "KRISSSUPERV_NEWBORN_2015_DUMMY",
      "tournament": "camp"
    },{
      "name": "OA93_GSL2015",
      "tournament": "camp"
    },{
      "name": "OA93_GSL2015_DUMMY",
      "tournament": "camp"
    },{
      "name": "KRISSSUPERV_PBNC6",
      "tournament": "camp"
    },{
      "name": "KRISSSUPERV_PBNC6_DUMMY",
      "tournament": "camp"
    },{
      "name": "KRISSSUPERV_ONGAME",
      "tournament": "camp"
    },{
      "name": "KRISSSUPERV_ONGAME_DUMMY",
      "tournament": "camp"
    },{
      "name": "KRISSSUPERV_REDEMPTION",
      "tournament": "camp"
    },{
      "name": "KRISSSUPERV_REDEMPTION_DUMMY",
      "tournament": "camp"
    },{
      "name": "KRISSSUPERV_SUMMER",
      "tournament": "camp"
    },{
      "name": "KRISSSUPERV_SUMMER_DUMMY",
      "tournament": "camp"
    },{
      "name": "EVO3",
      "tournament": "camp"
    },{
      "name": "EVO3_GOLD",
      "tournament": "camp"
    },{
      "name": "KRISSSUPERV_HARIMAU",
      "tournament": "camp"
    },{
      "name": "KRISSSUPERV_HARIMAU_DUMMY",
      "tournament": "camp"
    },{
      "name": "OA93_INDEPENDENCE",
      "tournament": "camp"
    },{
      "name": "OA93_INDEPENDENCE_DUMMY",
      "tournament": "camp"
    },{
      "name": "KRISSSUPERV_RED",
      "tournament": "camp"
    },{
      "name": "KRISSSUPERV_RED_DUMMY",
      "tournament": "camp"
    },{
      "name": "OA93_PBST2015",
      "tournament": "camp"
    },{
      "name": "OA93_PBST2015_DUMMY",
      "tournament": "camp"
    },{
      "name": "KRISSSUPERV_PBNC2015",
      "tournament": "camp"
    },{
      "name": "KRISSSUPERV_PBNC2015_DUMMY",
      "tournament": "camp"
    },{
      "name": "KRISSSUPERV_PBTC2015",
      "tournament": "camp"
    },{
      "name": "KRISSSUPERV_PBTC2015_DUMMY",
      "tournament": "camp"
    },{
      "name": "KRISSSUPERV_MECH",
      "tournament": "camp"
    },{
      "name": "KRISSSUPERV_MECH_DUMMY",
      "tournament": "camp"
    },{
      "name": "KRISSSUPERV_DARKDAYS",
      "tournament": "camp"
    },{
      "name": "KRISSSUPERV_DARKDAYS_DUMMY",
      "tournament": "camp"
    },{
      "name": "OA93_PBNC2015_US",
      "tournament": "camp"
    },{
      "name": "OA93_PBNC2015_US_DUMMY",
      "tournament": "camp"
    },{
      "name": "KRISSSUPERV_PBIC2015",
      "tournament": "camp"
    },{
      "name": "KRISSSUPERV_PBIC2015_DUMMY",
      "tournament": "camp"
    },{
      "name": "KRISSSUPERV_SHEEP",
      "tournament": "camp"
    },{
      "name": "KRISSSUPERV_SHEEP_DUMMY",
      "tournament": "camp"
    },{
      "name": "KRISSSUPERV_BASKETBALL",
      "tournament": "camp"
    },{
      "name": "KRISSSUPERV_BASKETBALL_DUMMY",
      "tournament": "camp"
    },{
      "name": "OA93_BASKETBALL",
      "tournament": "camp"
    },{
      "name": "OA93_BASKETBALL_DUMMY",
      "tournament": "camp"
    },{
      "name": "OA93_MEDICAL",
      "tournament": "camp"
    },{
      "name": "OA93_MEDICAL_DUMMY",
      "tournament": "camp"
    },{
      "name": "OA93_COBRA",
      "tournament": "camp"
    },{
      "name": "OA93_COBRA_DUMMY",
      "tournament": "camp"
    },{
      "name": "KRISSSUPERV_STEAM",
      "tournament": "camp"
    },{
      "name": "KRISSSUPERV_STEAM_DUMMY",
      "tournament": "camp"
    },{
      "name": "KRISSSUPERV_HALLOWEEN",
      "tournament": "camp"
    },{
      "name": "KRISSSUPERV_HALLOWEEN_DUMMY",
      "tournament": "camp"
    },{
      "name": "KRISSSUPERV_OBSIDIAN",
      "tournament": "camp"
    },{
      "name": "KRISSSUPERV_OBSIDIAN_DUMMY",
      "tournament": "camp"
    },{
      "name": "KRISSSUPERV_DFN",
      "tournament": "camp"
    },{
      "name": "KRISSSUPERV_DFN_DUMMY",
      "tournament": "camp"
    },{
      "name": "OA93_DFN",
      "tournament": "camp"
    },{
      "name": "OA93_DFN_DUMMY",
      "tournament": "camp"
    },{
      "name": "KRISSSUPERV_XMAS2015",
      "tournament": "camp"
    },{
      "name": "KRISSSUPERV_XMAS2015_DUMMY",
      "tournament": "camp"
    },{
      "name": "OA93_XMAS2015",
      "tournament": "camp"
    },{
      "name": "OA93_XMAS2015_DUMMY",
      "tournament": "camp"
    },{
      "name": "KRISSSUPERV_MONKEY",
      "tournament": "camp"
    },{
      "name": "KRISSSUPERV_MONKEY_DUMMY",
      "tournament": "camp"
    },{
      "name": "KRISSSUPERV_GRS3",
      "tournament": "camp"
    },{
      "name": "KRISSSUPERV_GRS3_DUMMY",
      "tournament": "camp"
    },{
      "name": "KRISSSUPERV_BEAST",
      "tournament": "camp"
    },{
      "name": "KRISSSUPERV_BEAST_DUMMY",
      "tournament": "camp"
    },{
      "name": "KRISSSUPERV_PBGC",
      "tournament": "camp"
    },{
      "name": "KRISSSUPERV_PBGC_DUMMY",
      "tournament": "camp"
    },{
      "name": "KRISSSUPERV_GSL2016",
      "tournament": "camp"
    },{
      "name": "KRISSSUPERV_GSL2016_DUMMY",
      "tournament": "camp"
    },{
      "name": "KRISSSUPERV_MIDNIGHT2",
      "tournament": "camp"
    },{
      "name": "KRISSSUPERV_MIDNIGHT2_DUMMY",
      "tournament": "camp"
    },{
      "name": "KRISSSUPERV_SKELETON",
      "tournament": "camp"
    },{
      "name": "KRISSSUPERV_SKELETON_DUMMY",
      "tournament": "camp"
    },{
      "name": "KRISSSUPERV_E_SPORTS2",
      "tournament": "camp"
    },{
      "name": "KRISSSUPERV_E_SPORTS2_DUMMY",
      "tournament": "camp"
    },{
      "name": "OA93_PBWC",
      "tournament": "camp"
    },{
      "name": "OA93_PBWC_DUMMY",
      "tournament": "camp"
    },{
      "name": "KRISSSUPERV_PBWC",
      "tournament": "camp"
    },{
      "name": "KRISSSUPERV_PBWC_DUMMY",
      "tournament": "camp"
    },{
      "name": "KRISSSUPERV_MUMMY",
      "tournament": "camp"
    },{
      "name": "KRISSSUPERV_MUMMY_DUMMY",
      "tournament": "camp"
    },{
      "name": "KRISSSUPERV_ID_1STANNI",
      "tournament": "camp"
    },{
      "name": "KRISSSUPERV_ID_1STANNI_DUMMY",
      "tournament": "camp"
    },{
      "name": "KRISSSUPERV_STRIKE",
      "tournament": "camp"
    },{
      "name": "KRISSSUPERV_STRIKE_DUMMY",
      "tournament": "camp"
    },{
      "name": "KRISSSUPERV_DEMONIC",
      "tournament": "camp"
    },{
      "name": "KRISSSUPERV_DEMONIC_DUMMY",
      "tournament": "camp"
    },{
      "name": "KRISSSUPERV_DOLPHIN",
      "tournament": "camp"
    },{
      "name": "KRISSSUPERV_DOLPHIN_DUMMY",
      "tournament": "camp"
    },{
      "name": "OA93_BLUEDIAMOND",
      "tournament": "camp"
    },{
      "name": "OA93_BLUEDIAMOND_DUMMY",
      "tournament": "camp"
    },{
      "name": "KRISSSUPERV_LEBARAN2016",
      "tournament": "camp"
    },{
      "name": "KRISSSUPERV_LEBARAN2016_DUMMY",
      "tournament": "camp"
    },{
      "name": "KRISSSUPERV_ALIEN",
      "tournament": "camp"
    },{
      "name": "KRISSSUPERV_ALIEN_DUMMY",
      "tournament": "camp"
    },{
      "name": "OA93_WOODY",
      "tournament": "camp"
    },{
      "name": "OA93_WOODY_DUMMY",
      "tournament": "camp"
    },{
      "name": "OA93_NEWBORN2016",
      "tournament": "camp"
    },{
      "name": "OA93_NEWBORN2016_DUMMY",
      "tournament": "camp"
    },{
      "name": "KRISSSUPERV_PUZZLE",
      "tournament": "camp"
    },{
      "name": "KRISSSUPERV_PUZZLE_DUMMY",
      "tournament": "camp"
    },{
      "name": "PP19_RUSSIAN_NORMAL",
      "tournament": "camp"
    },{
      "name": "PP19_RUSSIAN_DELUXE",
      "tournament": "camp"
    },{
      "name": "OA93_LIBERTY",
      "tournament": "camp"
    },{
      "name": "OA93_LIBERTY_DUMMY",
      "tournament": "camp"
    },{
      "name": "KRISSSUPERV_PBIC2016",
      "tournament": "camp"
    },{
      "name": "KRISSSUPERV_PBIC2016_DUMMY",
      "tournament": "camp"
    },{
      "name": "OA93_PBIC2016",
      "tournament": "camp"
    },{
      "name": "OA93_PBIC2016_DUMMY",
      "tournament": "camp"
    },{
      "name": "KRISSSUPERV_PBTC2016",
      "tournament": "camp"
    },{
      "name": "KRISSSUPERV_PBTC2016_DUMMY",
      "tournament": "camp"
    },{
      "name": "KRISSSUPERV_DARKSTEEL",
      "tournament": "camp"
    },{
      "name": "KRISSSUPERV_DARKSTEEL_DUMMY",
      "tournament": "camp"
    },{
      "name": "KRISSSUPERV_PBNC2016",
      "tournament": "camp"
    },{
      "name": "KRISSSUPERV_PBNC2016_DUMMY",
      "tournament": "camp"
    },{
      "name": "KRISSSUPERV_PBST2016",
      "tournament": "camp"
    },{
      "name": "KRISSSUPERV_PBST2016_DUMMY",
      "tournament": "camp"
    },{
      "name": "KRISSSUPERV_SUPREME",
      "tournament": "camp"
    },{
      "name": "KRISSSUPERV_SUPREME_DUMMY",
      "tournament": "camp"
    },{
      "name": "OA93_HALLOWEEN2016",
      "tournament": "camp"
    },{
      "name": "OA93_HALLOWEEN2016_DUMMY",
      "tournament": "camp"
    },{
      "name": "KRISSSUPERV_GORGEOUS",
      "tournament": "camp"
    },{
      "name": "KRISSSUPERV_GORGEOUS_DUMMY",
      "tournament": "camp"
    },{
      "name": "OA93_GORGEOUS",
      "tournament": "camp"
    },{
      "name": "KRISSSUPERV_MYSTIC",
      "tournament": "camp"
    },{
      "name": "KRISSSUPERV_MYSTIC_DUMMY",
      "tournament": "camp"
    },{
      "name": "OA93_PAHLAWAN",
      "tournament": "camp"
    },{
      "name": "OA93_PAHLAWAN_DUMMY",
      "tournament": "camp"
    },{
      "name": "KRISSSUPERV_LATIN6",
      "tournament": "camp"
    },{
      "name": "KRISSSUPERV_LATIN6_DUMMY",
      "tournament": "camp"
    },{
      "name": "KRISSSUPERV_ICE",
      "tournament": "camp"
    },{
      "name": "KRISSSUPERV_ICE_DUMMY",
      "tournament": "camp"
    },{
      "name": "KRISSSUPERV_CHICKEN",
      "tournament": "camp"
    },{
      "name": "KRISSSUPERV_CHICKEN_DUMMY",
      "tournament": "camp"
    },{
      "name": "KRISSSUPERV_HYBRIDMAN",
      "tournament": "camp"
    },{
      "name": "KRISSSUPERV_HYBRIDMAN_DUMMY",
      "tournament": "camp"
    },{
      "name": "OA93_HYBRIDMAN",
      "tournament": "camp"
    },{
      "name": "OA93_HYBRIDMAN_DUMMY",
      "tournament": "camp"
    },{
      "name": "MX4_SILVER",
      "tournament": "camp"
    },{
      "name": "MX4",
      "tournament": "camp"
    },{
      "name": "MX4_GOLD",
      "tournament": "camp"
    },{
      "name": "KRISSSUPERV_PIRATES",
      "tournament": "camp"
    },{
      "name": "KRISSSUPERV_PIRATES_DUMMY",
      "tournament": "camp"
    },{
      "name": "OA93_BEYOND",
      "tournament": "camp"
    },{
      "name": "OA93_BEYOND_DUMMY",
      "tournament": "camp"
    },{
      "name": "OA93_MECHHERO",
      "tournament": "camp"
    },{
      "name": "OA93_GORGEOUS_DUMMY",
      "tournament": "camp"
    },{
      "name": "OA93_MECHHERO_DUMMY",
      "tournament": "camp"
    },{
      "name": "OA93_FIRE",
      "tournament": "camp"
    },{
      "name": "OA93_FIRE_DUMMY",
      "tournament": "camp"
    },{
      "name": "KRISSSUPERV_CURSED_VALENTINE",
      "tournament": "camp"
    },{
      "name": "KRISSSUPERV_CURSED_VALENTINE_DUMMY",
      "tournament": "camp"
    },{
      "name": "OA93_CURSED_VALENTINE_DUMMY",
      "tournament": "camp"
    },{
      "name": "KRISSSUPERV_PBGC2017",
      "tournament": "camp"
    },{
      "name": "KRISSSUPERV_PBGC2017_DUMMY",
      "tournament": "camp"
    },{
      "name": "OA93_PBGC2017",
      "tournament": "camp"
    },{
      "name": "OA93_PBGC2017_DUMMY",
      "tournament": "camp"
    },{
      "name": "KRISSSUPERV_SALVATION",
      "tournament": "camp"
    },{
      "name": "KRISSSUPERV_SALVATION_DUMMY",
      "tournament": "camp"
    },{
      "name": "OA93_SALVATION",
      "tournament": "camp"
    },{
      "name": "OA93_SALVATION_DUMMY",
      "tournament": "camp"
    },{
      "name": "KRISSSUPERV_GSL2017",
      "tournament": "camp"
    },{
      "name": "KRISSSUPERV_GSL2017_DUMMY",
      "tournament": "camp"
    },{
      "name": "OA93_GSL2017",
      "tournament": "camp"
    },{
      "name": "OA93_GSL2017_DUMMY",
      "tournament": "camp"
    },{
      "name": "KRISSSUPERV_SAMURAI",
      "tournament": "camp"
    },{
      "name": "KRISSSUPERV_SAMURAI_DUMMY",
      "tournament": "camp"
    },{
      "name": "KRISSSUPERV_RENEGADE",
      "tournament": "camp"
    },{
      "name": "KRISSSUPERV_RENEGADE_DUMMY",
      "tournament": "camp"
    },{
      "name": "KRISSSUPERV_CHICANO",
      "tournament": "camp"
    },{
      "name": "KRISSSUPERV_CHICANO_DUMMY",
      "tournament": "camp"
    },{
      "name": "KRISSSUPERV_BEACH",
      "tournament": "camp"
    },{
      "name": "KRISSSUPERV_BEACH_DUMMY",
      "tournament": "camp"
    },{
      "name": "KRISSSUPERV_NAGA",
      "tournament": "camp"
    },{
      "name": "KRISSSUPERV_NAGA_DUMMY",
      "tournament": "camp"
    },{
      "name": "KRISSSUPERV_COMIC",
      "tournament": "camp"
    },{
      "name": "KRISSSUPERV_COMIC_DUMMY",
      "tournament": "camp"
    },{
      "name": "BATTLEBOX_DRAGON",
      "tournament": "camp"
    },{
      "name": "BATTLEBOX_DRAGON_DUMMY",
      "tournament": "camp"
    },{
      "name": "KRISSSUPERV_GREEN",
      "tournament": "camp"
    },{
      "name": "KRISSSUPERV_GREEN_DUMMY",
      "tournament": "camp"
    },{
      "name": "KRISSSUPERV_MNB3",
      "tournament": "camp"
    },{
      "name": "OA93_MNB3",
      "tournament": "camp"
    },{
      "name": "OA93_MNB3_DUMMY",
      "tournament": "camp"
    },{
      "name": "KRISSSUPERV_PBWC2017",
      "tournament": "camp"
    },{
      "name": "KRISSSUPERV_PBWC2017_DUMMY",
      "tournament": "camp"
    },{
      "name": "OA_93_PBWC2017",
      "tournament": "camp"
    },{
      "name": "OA_93_PBWC2017_DUMMY",
      "tournament": "camp"
    },{
      "name": "OA93_MECHHERO_ID",
      "tournament": "camp"
    },{
      "name": "OA93_MECHHERO_ID_DUMMY",
      "tournament": "camp"
    },{
      "name": "KRISSSUPERV_LEBARAN2017",
      "tournament": "camp"
    },{
      "name": "KRISSSUPERV_LEBARAN2017_DUMMY",
      "tournament": "camp"
    },{
      "name": "OA93_ID_2STANNI",
      "tournament": "camp"
    },{
      "name": "OA93_ID_2STANNI_DUMMY",
      "tournament": "camp"
    },{
      "name": "KRISSSUPERV_ID_2STANNI",
      "tournament": "camp"
    },{
      "name": "KRISSSUPERV_ID_2STANNI_DUMMY",
      "tournament": "camp"
    },{
      "name": "KRISSSUPERV_GRAFFITI",
      "tournament": "camp"
    },{
      "name": "KRISSSUPERV_GRAFFITI_DUMMY",
      "tournament": "camp"
    },{
      "name": "OA93_GRAFFITI",
      "tournament": "camp"
    },{
      "name": "OA93_GRAFFITI_DUMMY",
      "tournament": "camp"
    },{
      "name": "OA93_KAREEM",
      "tournament": "camp"
    },{
      "name": "OA93_KAREEM_DUMMY",
      "tournament": "camp"
    },{
      "name": "APC9",
      "tournament": "camp"
    },{
      "name": "APC9_SILVER",
      "tournament": "camp"
    },{
      "name": "APC9_GOLD",
      "tournament": "camp"
    },{
      "name": "KRISSSUPERV_BOLT",
      "tournament": "camp"
    },{
      "name": "KRISSSUPERV_BOLT_DUMMY",
      "tournament": "camp"
    },{
      "name": "OA93_BOLT",
      "tournament": "camp"
    },{
      "name": "OA93_BOLT_DUMMY",
      "tournament": "camp"
    },{
      "name": "KRISSSUPERV_VACANCE17",
      "tournament": "camp"
    },{
      "name": "KRISSSUPERV_VACANCE17_DUMMY",
      "tournament": "camp"
    },{
      "name": "OA93_VACANCE17",
      "tournament": "camp"
    },{
      "name": "OA93_VACANCE17_DUMMY",
      "tournament": "camp"
    },{
      "name": "KRISSSUPERV_PHANTOM",
      "tournament": "camp"
    },{
      "name": "KRISSSUPERV_PHANTOM_DUMMY",
      "tournament": "camp"
    },{
      "name": "OA93_PHANTOM",
      "tournament": "camp"
    },{
      "name": "OA93_PHANTOM_DUMMY",
      "tournament": "camp"
    },{
      "name": "KRISSSUPERV_PBTC2017",
      "tournament": "camp"
    },{
      "name": "KRISSSUPERV_PBTC2017_DUMMY",
      "tournament": "camp"
    },{
      "name": "KRISSSUPERV_PBNC2017",
      "tournament": "camp"
    },{
      "name": "KRISSSUPERV_PBNC2017_DUMMY",
      "tournament": "camp"
    },{
      "name": "OA93_PBNC2017",
      "tournament": "camp"
    },{
      "name": "OA93_PBNC2017_DUMMY",
      "tournament": "camp"
    },{
      "name": "KRISSSUPERV_OTTOMAN",
      "tournament": "camp"
    },{
      "name": "KRISSSUPERV_OTTOMAN_DUMMY",
      "tournament": "camp"
    },{
      "name": "OA93_KEMERDE",
      "tournament": "camp"
    },{
      "name": "OA93_KEMERDE_DUMMY",
      "tournament": "camp"
    },{
      "name": "MX4_KEMERDE",
      "tournament": "camp"
    },{
      "name": "KRISSSUPERV_BRIGHTNESS",
      "tournament": "camp"
    },{
      "name": "KRISSSUPERV_BRIGHTNESS_DUMMY",
      "tournament": "camp"
    },{
      "name": "KRISSSUPERV_DARKNESS",
      "tournament": "camp"
    },{
      "name": "KRISSSUPERV_DARKNESS_DUMMY",
      "tournament": "camp"
    },{
      "name": "KRISSSUPERV_7TH_ANNIVERSARY",
      "tournament": "camp"
    },{
      "name": "KRISSSUPERV_7TH_ANNIVERSARY_DUMMY",
      "tournament": "camp"
    },{
      "name": "OA93_AGUILA",
      "tournament": "camp"
    },{
      "name": "OA93_AGUILA_DUMMY",
      "tournament": "camp"
    },{
      "name": "OA93_PBST_ES",
      "tournament": "camp"
    },{
      "name": "OA93_PBST_ES_DUMMY",
      "tournament": "camp"
    },{
      "name": "MX4_PBST_ES",
      "tournament": "camp"
    },{
      "name": "KRISSSUPERV_PBST_ES",
      "tournament": "camp"
    },{
      "name": "KRISSSUPERV_PBST_ES_DUMMY",
      "tournament": "camp"
    },{
      "name": "KRISSSUPERV_MILITARY",
      "tournament": "camp"
    },{
      "name": "KRISSSUPERV_MILITARY_DUMMY",
      "tournament": "camp"
    },{
      "name": "OA93_MILITARY",
      "tournament": "camp"
    },{
      "name": "OA93_MILITARY_DUMMY",
      "tournament": "camp"
    },{
      "name": "KRISSSUPERV_PBIC2017",
      "tournament": "camp"
    },{
      "name": "KRISSSUPERV_PBIC2017_DUMMY",
      "tournament": "camp"
    },{
      "name": "KRISSSUPERV_TSE",
      "tournament": "camp"
    },{
      "name": "KRISSSUPERV_TSE_DUMMY",
      "tournament": "camp"
    },{
      "name": "OA93_REBEL",
      "tournament": "camp"
    },{
      "name": "OA93_REBEL_DUMMY",
      "tournament": "camp"
    },{
      "name": "KRISSSUPERV_REBEL",
      "tournament": "camp"
    },{
      "name": "KRISSSUPERV_REBEL_DUMMY",
      "tournament": "camp"
    },{
      "name": "OA93_HALLOWEEN2017",
      "tournament": "camp"
    },{
      "name": "OA93_HALLOWEEN2017_DUMMY",
      "tournament": "camp"
    },{
      "name": "KRISSSUPERV_SILENCE_SHATTER_Z1",
      "tournament": "camp"
    },{
      "name": "KRISSSUPERV_SILENCE_SHATTER_Z1_DUMMY",
      "tournament": "camp"
    },{
      "name": "KRISSSUPERV_SILENCE_SHATTER_UM",
      "tournament": "camp"
    },{
      "name": "KRISSSUPERV_FREEDOM",
      "tournament": "camp"
    },{
      "name": "KRISSSUPERV_SILENCE_SHATTER_UM_DUMMY",
      "tournament": "camp"
    },{
      "name": "OA93_SHATTER_Z1",
      "tournament": "camp"
    },{
      "name": "OA93_SHATTER_Z1_DUMMY",
      "tournament": "camp"
    },{
      "name": "OA93_SHATTER_UM",
      "tournament": "camp"
    },{
      "name": "OA93_SHATTER_UM_DUMMY",
      "tournament": "camp"
    },{
      "name": "KRISSSUPERV_PBIWC2017",
      "tournament": "camp"
    },{
      "name": "KRISSSUPERV_PBIWC2017_DUMMY",
      "tournament": "camp"
    },{
      "name": "OA93_PBIWC2017",
      "tournament": "camp"
    },{
      "name": "OA93_PBIWC2017_DUMMY",
      "tournament": "camp"
    },{
      "name": "T77",
      "tournament": "camp"
    },{
      "name": "T77_DUMMY",
      "tournament": "camp"
    },{
      "name": "T77_SILVER",
      "tournament": "camp"
    },{
      "name": "T77_SILVER_DUMMY",
      "tournament": "camp"
    },{
      "name": "T77_GOLD",
      "tournament": "camp"
    },{
      "name": "T77_GOLD_DUMMY",
      "tournament": "camp"
    },{
      "name": "KRISSSUPERV_FIREDRAGON",
      "tournament": "camp"
    },{
      "name": "KRISSSUPERV_FIREDRAGON_DUMMY",
      "tournament": "camp"
    },{
      "name": "OA93_FIREDRAGON",
      "tournament": "camp"
    },{
      "name": "OA93_FIREDRAGON_DUMMY",
      "tournament": "camp"
    },{
      "name": "OA93_LATIN7",
      "tournament": "camp"
    },{
      "name": "OA93_LATIN7_DUMMY",
      "tournament": "camp"
    },{
      "name": "KRISSSUPERV_DESERTHOUND",
      "tournament": "camp"
    },{
      "name": "KRISSSUPERV_DESERTHOUND_DUMMY",
      "tournament": "camp"
    },{
      "name": "OA_93_DESERTHOUND",
      "tournament": "camp"
    },{
      "name": "OA_93_DESERTHOUND_DUMMY",
      "tournament": "camp"
    },{
      "name": "KRISSSUPERV_FREEDOM_DUMMY",
      "tournament": "camp"
    },{
      "name": "OA93_XMAS2017",
      "tournament": "camp"
    },{
      "name": "OA93_XMAS2017_DUMMY",
      "tournament": "camp"
    },{
      "name": "KRISSSUPERV_XMAS2017",
      "tournament": "camp"
    },{
      "name": "KRISSSUPERV_XMAS2017_DUMMY",
      "tournament": "camp"
    },{
      "name": "OA_93_BLACK",
      "tournament": "camp"
    },{
      "name": "OA_93_BLACK_DUMMY",
      "tournament": "camp"
    },{
      "name": "MP9_EXT_BLACK",
      "tournament": "camp"
    },{
      "name": "OA93_RED",
      "tournament": "camp"
    },{
      "name": "OA93_RED._DUMMY",
      "tournament": "camp"
    },{
      "name": "KRISSSUPERV_BLUE",
      "tournament": "camp"
    },{
      "name": "MP9_EXT_RED",
      "tournament": "camp"
    },{
      "name": "KRISSSUPERV_BLUE_DUMMY",
      "tournament": "camp"
    },{
      "name": "OA93_BLUE",
      "tournament": "camp"
    },{
      "name": "OA93_BLUE_DUMMY",
      "tournament": "camp"
    },{
      "name": "MP9_EXT_BLUE",
      "tournament": "camp"
    },{
      "name": "KRISSSUPERV_PANDORA",
      "tournament": "camp"
    },{
      "name": "KRISSSUPERV_PANDORA_DUMMY",
      "tournament": "camp"
    },{
      "name": "OA93_PANDORA",
      "tournament": "camp"
    },{
      "name": "OA93_PANDORA_DUMMY",
      "tournament": "camp"
    },{
      "name": "OA93_PUPPY",
      "tournament": "camp"
    },{
      "name": "OA93_PUPPY_DUMMY",
      "tournament": "camp"
    },{
      "name": "KRISSSUPERV_RRQ",
      "tournament": "camp"
    },{
      "name": "KRISSSUPERV_RRQ_DUMMY",
      "tournament": "camp"
    },{
      "name": "OA93_RRQ",
      "tournament": "camp"
    },{
      "name": "OA93_RRQ_DUMMY",
      "tournament": "camp"
    },{
      "name": "KRISSSUPERV_ZEPETTO",
      "tournament": "camp"
    },{
      "name": "KRISSSUPERV_ZEPETTO_DUMMY",
      "tournament": "camp"
    },{
      "name": "OA93_ZEPETTO",
      "tournament": "camp"
    },{
      "name": "OA93_ZEPETTO_DUMMY",
      "tournament": "camp"
    },{
      "name": "KRISSSUPERV_HEARTVALENTINE",
      "tournament": "camp"
    },{
      "name": "KRISSSUPERV_HEARTVALENTINE_DUMMY",
      "tournament": "camp"
    },{
      "name": "OA93_GRSV",
      "tournament": "camp"
    },{
      "name": "OA93_GRSV_DUMMY",
      "tournament": "camp"
    },{
      "name": "KRISSSUPERV_GRSV",
      "tournament": "camp"
    },{
      "name": "KRISSSUPERV_GRSV_DUMMY",
      "tournament": "camp"
    },{
      "name": "KRISSSUPERV_FLAME",
      "tournament": "camp"
    },{
      "name": "KRISSSUPERV_FLAME_DUMMY",
      "tournament": "camp"
    },{
      "name": "SMG_KRISSSUPERV_NUSANTARA",
      "tournament": "camp"
    },{
      "name": "SMG_KRISSSUPERV_NUSANTARA_DUMMY",
      "tournament": "camp"
    },{
      "name": "SMG_OA93_NUSANTARA",
      "tournament": "camp"
    },{
      "name": "SMG_OA93_NUSANTARA_DUMMY",
      "tournament": "camp"
    },{
      "name": "SMG_KRISSSUPERV_GRADUATION",
      "tournament": "camp"
    },{
      "name": "SMG_KRISSSUPERV_GRADUATION_DUMMY",
      "tournament": "camp"
    },{
      "name": "SMG_OA93_GRADUATION",
      "tournament": "camp"
    },{
      "name": "SMG_OA93_GRADUATION_DUMMY",
      "tournament": "camp"
    },{
      "name": "SMG_OA93_LATINCHAMPIONSHIP",
      "tournament": "camp"
    },{
      "name": "SMG_OA93_LATINCHAMPIONSHIP_DUMMY",
      "tournament": "camp"
    },{
      "name": "SMG_OA93_SPACE_BASIC",
      "tournament": "camp"
    },{
      "name": "SMG_OA93_SPACE_BASIC_DUMMY",
      "tournament": "camp"
    },{
      "name": "SMG_OA93_SPACE_DELUXE",
      "tournament": "camp"
    },{
      "name": "SMG_OA93_SPACE_DELUXE_DUMMY",
      "tournament": "camp"
    },{
      "name": "SMG_OA93_HOLI",
      "tournament": "camp"
    },{
      "name": "SMG_OA93_HOLI_DUMMY",
      "tournament": "camp"
    },{
      "name": "SMG_KRISSSUPERV_DIGITAL",
      "tournament": "camp"
    },{
      "name": "SMG_KRISSSUPERV_DIGITAL_DUMMY",
      "tournament": "camp"
    },{
      "name": "SMG_KRISSSUPERV_M1LGR4U",
      "tournament": "camp"
    },{
      "name": "SMG_KRISSSUPERV_M1LGR4U_DUMMY",
      "tournament": "camp"
    },{
      "name": "SMG_KRISSSUPERV_MAZE",
      "tournament": "camp"
    },{
      "name": "SMG_KRISSSUPERV_MAZE_DUMMY",
      "tournament": "camp"
    },{
      "name": "SMG_OA93_MAZE",
      "tournament": "camp"
    },{
      "name": "SMG_OA93_MAZE_DUMMY",
      "tournament": "camp"
    },{
      "name": "SMG_OA_93_PBWC2018",
      "tournament": "camp"
    },{
      "name": "SMG_OA_93_PBWC2018_DUMMY",
      "tournament": "camp"
    },{
      "name": "SMG_KRISSSUPERV_PBWC2018",
      "tournament": "camp"
    },{
      "name": "SMG_KRISSSUPERV_PBWC2018_DUMMY",
      "tournament": "camp"
    },{
      "name": "SMG_KRISSSUPERV_3RDANNI",
      "tournament": "camp"
    },{
      "name": "SMG_KRISSSUPERV_3RDANNI_DUMMY",
      "tournament": "camp"
    },{
      "name": "SMG_OA93_3RDANNI",
      "tournament": "camp"
    },{
      "name": "SMG_OA93_3RDANNI_DUMMY",
      "tournament": "camp"
    },{
      "name": "DUALSMG_KRISSSUPERV",
      "tournament": "camp"
    },{
      "name": "DUALSMG_KRISSSUPERV_GOLD",
      "tournament": "camp"
    },{
      "name": "DUALSMG_KRISSSUPERV_D",
      "tournament": "camp"
    },{
      "name": "DUALSMG_UZI",
      "tournament": "camp"
    },{
      "name": "DUALSMG_UZI_MINI",
      "tournament": "camp"
    },{
      "name": "DUALSMG_UZI_MICRO",
      "tournament": "camp"
    },{
      "name": "DUALSMG_UZI_SILENCER",
      "tournament": "camp"
    },{
      "name": "DUALSMG_UZI_MINI_SILENCER",
      "tournament": "camp"
    },{
      "name": "DUALSMG_UZI_MICRO_SILENCER",
      "tournament": "camp"
    },{
      "name": "DUALSMG_KRISSSUPERV_BLACK",
      "tournament": "camp"
    },{
      "name": "DUALSMG_UZI_MICRO_SILENCER_SILVER",
      "tournament": "camp"
    },{
      "name": "DUALSMG_KRISSSUPERV_BATIK",
      "tournament": "camp"
    },{
      "name": "DUALSMG_UZI_MINI_GOLD",
      "tournament": "camp"
    },{
      "name": "DUALSMG_KRISSSUPERV_ESPORTS",
      "tournament": "camp"
    },{
      "name": "DUALSMG_KRISSSUPERV_BATIK_D",
      "tournament": "camp"
    },{
      "name": "DUALSMG_KRISSSUPERV_VECTOR",
      "tournament": "camp"
    },{
      "name": "DUALSMG_KRISSSUPERV_IC",
      "tournament": "camp"
    },{
      "name": "DUALSMG_KRISSSUPERV_EV",
      "tournament": "camp"
    },{
      "name": "DUALSMG_KRISSSUPERV_PBTN",
      "tournament": "camp"
    },{
      "name": "DUALSMG_KRISSSUPERV_GRS",
      "tournament": "camp"
    },{
      "name": "DUALSMG_KRISSSUPERV_GSL",
      "tournament": "camp"
    },{
      "name": "DUALSMG_KRISSSUPERV_BLACK_P",
      "tournament": "camp"
    },{
      "name": "DUALSMG_KRISSSUPERV_GRS_EV",
      "tournament": "camp"
    },{
      "name": "DUALSMG_KRISSSUPERV_4TH_ANNIVERSARY",
      "tournament": "camp"
    },{
      "name": "DUALSMG_KRISSSUPERV_PBIC2013",
      "tournament": "camp"
    },{
      "name": "DUALSMG_KRISSSUPERV_SILENCE",
      "tournament": "camp"
    },{
      "name": "DUALSMG_KRISSSUPERV_TURKEY",
      "tournament": "camp"
    },{
      "name": "DUALSMG_KRISSSUPERV_TH_1YEAR",
      "tournament": "camp"
    },{
      "name": "DUALSMG_KRISSSUPERV_R",
      "tournament": "camp"
    },{
      "name": "DUALSMG_KRISSSUPERV_INFERNO",
      "tournament": "camp"
    },{
      "name": "DUALSMG_KRISSSUPERV_GSL2014",
      "tournament": "camp"
    },{
      "name": "DUALSMG_KRISSSUPERV_MIDNIGHT",
      "tournament": "camp"
    },{
      "name": "DUALSMG_OA93",
      "tournament": "camp"
    },{
      "name": "DUALSMG_OA93_GOLD",
      "tournament": "camp"
    },{
      "name": "DUALSMG_KRISSSUPERV_BRAZUCA",
      "tournament": "camp"
    },{
      "name": "DUALSMG_KRISSSUPERV_CHAMPION",
      "tournament": "camp"
    },{
      "name": "DUALSMG_KRISSSUPERV_WOE",
      "tournament": "camp"
    },{
      "name": "DUALSMG_KRISSSUPERV_NON_LOGO_MIDNIG",
      "tournament": "camp"
    },{
      "name": "DUALSMG_KRISSSUPERV_PC_CAFE",
      "tournament": "camp"
    },{
      "name": "DUALSMG_KRISSSUPERV_PBSC2014",
      "tournament": "camp"
    },{
      "name": "DUALSMG_KRISSSUPERV_G_ESPORTS",
      "tournament": "camp"
    },{
      "name": "DUALSMG_KRISSSUPERV_TOY",
      "tournament": "camp"
    },{
      "name": "DUALSMG_OA93_Q",
      "tournament": "camp"
    },{
      "name": "DUALSMG_OA93_XMAS",
      "tournament": "camp"
    },{
      "name": "DUALSMG_KRISSSUPERV_XMAS",
      "tournament": "camp"
    },{
      "name": "DUALSMG_KRISSSUPERV_COUPLEBREAKER",
      "tournament": "camp"
    },{
      "name": "DUALSMG_KRISSSUPERV_CNY2015",
      "tournament": "camp"
    },{
      "name": "DUALSMG_KRISSSUPERV_GRS2",
      "tournament": "camp"
    },{
      "name": "DUALSMG_KRISSSUPERV_NEWBORN_2015",
      "tournament": "camp"
    },{
      "name": "DUALSMG_OA93_GSL2015",
      "tournament": "camp"
    },{
      "name": "DUALSMG_KRISSSUPERV_PBNC6",
      "tournament": "camp"
    },{
      "name": "DUALSMG_KRISSSUPERV_ONGAME",
      "tournament": "camp"
    },{
      "name": "DUALSMG_KRISSSUPERV_REDEMPTION",
      "tournament": "camp"
    },{
      "name": "DUALSMG_KRISSSUPERV_SUMMER",
      "tournament": "camp"
    },{
      "name": "DUALSMG_KRISSSUPERV_HARIMAU",
      "tournament": "camp"
    },{
      "name": "DUALSMG_OA93_INDEPENDENCE",
      "tournament": "camp"
    },{
      "name": "DUALSMG_OA93_PBST2015",
      "tournament": "camp"
    },{
      "name": "DUALSMG_KRISSSUPERV_RED",
      "tournament": "camp"
    },{
      "name": "DUALSMG_KRISSSUPERV_PBNC2015",
      "tournament": "camp"
    },{
      "name": "DUALSMG_KRISSSUPERV_PBTC2015",
      "tournament": "camp"
    },{
      "name": "DUALSMG_KRISSSUPERV_MECH",
      "tournament": "camp"
    },{
      "name": "DUALSMG_KRISSSUPERV_DARKDAYS",
      "tournament": "camp"
    },{
      "name": "DUALSMG_OA93_PBNC2015_US",
      "tournament": "camp"
    },{
      "name": "DUALSMG_KRISSSUPERV_PBIC2015",
      "tournament": "camp"
    },{
      "name": "DUALSMG_OA93_COBRA",
      "tournament": "camp"
    },{
      "name": "DUALSMG_OA93_MEDICAL",
      "tournament": "camp"
    },{
      "name": "DUALSMG_KRISSSUPERV_SHEEP",
      "tournament": "camp"
    },{
      "name": "DUALSMG_KRISSSUPERV_BASKETBALL",
      "tournament": "camp"
    },{
      "name": "DUALSMG_OA93_BASKETBALL",
      "tournament": "camp"
    },{
      "name": "DUALSMG_KRISSSUPERV_STEAM",
      "tournament": "camp"
    },{
      "name": "DUALSMG_KRISSSUPERV_HALLOWEEN",
      "tournament": "camp"
    },{
      "name": "DUALSMG_KRISSSUPERV_OBSIDIAN",
      "tournament": "camp"
    },{
      "name": "DUALSMG_KRISSSUPERV_DFN",
      "tournament": "camp"
    },{
      "name": "DUALSMG_OA93_DFN",
      "tournament": "camp"
    },{
      "name": "DUALSMG_KRISSSUPERV_XMAS2015",
      "tournament": "camp"
    },{
      "name": "DUALSMG_OA93_XMAS2015",
      "tournament": "camp"
    },{
      "name": "DUALSMG_KRISSSUPERV_MONKEY",
      "tournament": "camp"
    },{
      "name": "DUALSMG_KRISSSUPERV_CUPID",
      "tournament": "camp"
    },{
      "name": "DUALSMG_KRISSSUPERV_SAKURA",
      "tournament": "camp"
    },{
      "name": "DUALSMG_KRISSSUPERV_SERPENT",
      "tournament": "camp"
    },{
      "name": "DUALSMG_KRISSSUPERV_GRS3",
      "tournament": "camp"
    },{
      "name": "DUALSMG_KRISSSUPERV_BEAST",
      "tournament": "camp"
    },{
      "name": "DUALSMG_KRISSSUPERV_PBGC",
      "tournament": "camp"
    },{
      "name": "DUALSMG_KRISSSUPERV_GSL2016",
      "tournament": "camp"
    },{
      "name": "DUALSMG_KRISSSUPERV_MIDNIGHT2",
      "tournament": "camp"
    },{
      "name": "DUALSMG_KRISSSUPERV_SKELETON",
      "tournament": "camp"
    },{
      "name": "DUALSMG_KRISSSUPERV_E_SPORTS2",
      "tournament": "camp"
    },{
      "name": "DUALSMG_KRISSSUPERV_PBWC",
      "tournament": "camp"
    },{
      "name": "DUALSMG_OA93_PBWC",
      "tournament": "camp"
    },{
      "name": "DUALSMG_KRISSSUPERV_MUMMY",
      "tournament": "camp"
    },{
      "name": "DUALSMG_KRISSSUPERV_ID_1STANNI",
      "tournament": "camp"
    },{
      "name": "DUALSMG_KRISSSUPERV_STRIKE",
      "tournament": "camp"
    },{
      "name": "DUALSMG_KRISSSUPERV_DEMONIC",
      "tournament": "camp"
    },{
      "name": "DUALSMG_KRISSSUPERV_DOLPHIN",
      "tournament": "camp"
    },{
      "name": "DUALSMG_OA93_BLUEDIAMOND",
      "tournament": "camp"
    },{
      "name": "DUALSMG_KRISSSUPERV_LEBARAN2016",
      "tournament": "camp"
    },{
      "name": "DUALSMG_KRISSSUPERV_ALIEN",
      "tournament": "camp"
    },{
      "name": "DUALSMG_OA93_Woody",
      "tournament": "camp"
    },{
      "name": "DUALSMG_OA93_NEWBORN2016",
      "tournament": "camp"
    },{
      "name": "DUALSMG_KRISSSUPERV_PUZZLE",
      "tournament": "camp"
    },{
      "name": "DUALSMG_OA93_LIBERTY",
      "tournament": "camp"
    },{
      "name": "DUALSMG_KRISSSUPERV_PBIC2016",
      "tournament": "camp"
    },{
      "name": "DUALSMG_OA93_PBIC2016",
      "tournament": "camp"
    },{
      "name": "DUALSMG_KRISSSUPERV_PBTC2016",
      "tournament": "camp"
    },{
      "name": "DUALSMG_KRISSSUPERV_DARKSTEEL",
      "tournament": "camp"
    },{
      "name": "DUALSMG_KRISSSUPERV_PBNC2016",
      "tournament": "camp"
    },{
      "name": "DUALSMG_KRISSSUPERV_PBST2016",
      "tournament": "camp"
    },{
      "name": "DUALSMG_KRISSSUPERV_SUPREME",
      "tournament": "camp"
    },{
      "name": "DUALSMG_OA93_HALLOWEEN2016",
      "tournament": "camp"
    },{
      "name": "DUALSMG_KRISSSUPERV_GORGEOUS",
      "tournament": "camp"
    },{
      "name": "DUALSMG_OA93_GORGEOUS",
      "tournament": "camp"
    },{
      "name": "DUALSMG_KRISSSUPERV_MYSTIC",
      "tournament": "camp"
    },{
      "name": "DUALSMG_KRISSSUPERV_LATIN6",
      "tournament": "camp"
    },{
      "name": "DUALSMG_KRISSSUPERV_ICE",
      "tournament": "camp"
    },{
      "name": "DUALSMG_KRISSSUPERV_CHICKEN",
      "tournament": "camp"
    },{
      "name": "DUALSMG_KRISSSUPERV_HYBRIDMAN",
      "tournament": "camp"
    },{
      "name": "DUALSMG_OA93_HYBRIDMAN",
      "tournament": "camp"
    },{
      "name": "DUALSMG_KRISSSUPERV_PIRATES",
      "tournament": "camp"
    },{
      "name": "DUALSMG_KRISSSUPERV_BEYOND",
      "tournament": "camp"
    },{
      "name": "DUALSMG_OA93_BEYOND",
      "tournament": "camp"
    },{
      "name": "DUALSMG_OA93_PBGC2017",
      "tournament": "camp"
    },{
      "name": "DUALSMG_KRISSSUPERV_CURSED_VALENTIN",
      "tournament": "camp"
    },{
      "name": "DUALSMG_OA93_CURSED_VALENTINE",
      "tournament": "camp"
    },{
      "name": "DUALSMG_DUAL_UZI_MINI_TALOS",
      "tournament": "camp"
    },{
      "name": "DUALSMG_KRISSSUPERV_SALVATION",
      "tournament": "camp"
    },{
      "name": "DUALSMG_OA93_SALVATION",
      "tournament": "camp"
    },{
      "name": "DUALSMG_KRISSSUPERV_GSL2017",
      "tournament": "camp"
    },{
      "name": "DUALSMG_OA93_GSL2017",
      "tournament": "camp"
    },{
      "name": "DUALSMG_KRISSSUPERV_SAMURAI",
      "tournament": "camp"
    },{
      "name": "DUALSMG_KRISSSUPERV_RENEGADE",
      "tournament": "camp"
    },{
      "name": "DUALSMG_KRISSSUPERV_CHICANO",
      "tournament": "camp"
    },{
      "name": "DUALSMG_KRISSSUPERV_BEACH",
      "tournament": "camp"
    },{
      "name": "DUALSMG_KRISSSUPERV_NAGA",
      "tournament": "camp"
    },{
      "name": "DUALSMG_KRISSSUPERV_COMIC",
      "tournament": "camp"
    },{
      "name": "DUALSMG_BATTLEBOX_DRAGON",
      "tournament": "camp"
    },{
      "name": "DUALSMG_OA93_PAHLAWAN",
      "tournament": "camp"
    },{
      "name": "DUALSMG_KRISSSUPERV_GREEN",
      "tournament": "camp"
    },{
      "name": "DUALSMG_KRISSSUPERV_MNB3",
      "tournament": "camp"
    },{
      "name": "DUALSMG_OA93_MNB3",
      "tournament": "camp"
    },{
      "name": "DUALSMG_KRISSSUPERV_PBWC2017",
      "tournament": "camp"
    },{
      "name": "DUALSMG_OA93_PBWC2017",
      "tournament": "camp"
    },{
      "name": "DUALSMG_OA93_MECHHERO_ID",
      "tournament": "camp"
    },{
      "name": "DUALSMG_KRISSSUPERV_LEBARAN2017",
      "tournament": "camp"
    },{
      "name": "DUALSMG_OA93_ID_2STANNI",
      "tournament": "camp"
    },{
      "name": "DUALSMG_KRISSSUPERV_ID_2STANNI",
      "tournament": "camp"
    },{
      "name": "DUALSMG_KRISSSUPERV_GRAFFITI",
      "tournament": "camp"
    },{
      "name": "DUALSMG_OA93_GRAFFITI",
      "tournament": "camp"
    },{
      "name": "DUALSMG_OA93_KAREEM",
      "tournament": "camp"
    },{
      "name": "DUALSMG_KRISSSUPERV_BOLT",
      "tournament": "camp"
    },{
      "name": "DUALSMG_OA93_BOLT",
      "tournament": "camp"
    },{
      "name": "DUALSMG_KRISSSUPERV_VACANCE17",
      "tournament": "camp"
    },{
      "name": "DUALSMG_OA93_VACANCE17",
      "tournament": "camp"
    },{
      "name": "DUALSMG_KRISSSUPERV_PHANTOM",
      "tournament": "camp"
    },{
      "name": "DUALSMG_OA93_PHANTOM",
      "tournament": "camp"
    },{
      "name": "DUALSMG_KRISSSUPERV_PBTC2017",
      "tournament": "camp"
    },{
      "name": "DUALSMG_KRISSSUPERV_PBNC2017",
      "tournament": "camp"
    },{
      "name": "DUALSMG_OA93_PBNC2017",
      "tournament": "camp"
    },{
      "name": "DUALSMG_KRISSSUPERV_OTTOMAN",
      "tournament": "camp"
    },{
      "name": "DUALSMG_OA93_KEMERDE",
      "tournament": "camp"
    },{
      "name": "DUALSMG_KRISSSUPERV_BRIGHTNESS",
      "tournament": "camp"
    },{
      "name": "DUALSMG_KRISSSUPERV_DARKNESS",
      "tournament": "camp"
    },{
      "name": "DUALSMG_KRISSSUPERV_7TH_ANNIVERSARY",
      "tournament": "camp"
    },{
      "name": "DUALSMG_OA93_AGUILA",
      "tournament": "camp"
    },{
      "name": "DUALSMG_OA93_PBST_ES",
      "tournament": "camp"
    },{
      "name": "DUALSMG_KRISSSUPERV_PBST_ES",
      "tournament": "camp"
    },{
      "name": "DUALSMG_KRISSSUPERV_MILITARY",
      "tournament": "camp"
    },{
      "name": "DUALSMG_OA93_MILITARY",
      "tournament": "camp"
    },{
      "name": "DUALSMG_KRISSSUPERV_PBIC2017",
      "tournament": "camp"
    },{
      "name": "DUALSMG_KRISSSUPERV_TSE",
      "tournament": "camp"
    },{
      "name": "DUALSMG_OA93_REBEL",
      "tournament": "camp"
    },{
      "name": "DUALSMG_KRISSSUPERV_REBEL",
      "tournament": "camp"
    },{
      "name": "DUALSMG_OA93_HALLOWEEN2017",
      "tournament": "camp"
    },{
      "name": "DUALSMG_KRISSSUPERV_SILENCE_SHATTER",
      "tournament": "camp"
    },{
      "name": "DUALSMG_OA93_SHATTER_Z1",
      "tournament": "camp"
    },{
      "name": "DUALSMG_OA93_SHATTER_UM",
      "tournament": "camp"
    },{
      "name": "DUALSMG_KRISSSUPERV_PBIWC2017",
      "tournament": "camp"
    },{
      "name": "DUALSMG_OA93_PBIWC2017",
      "tournament": "camp"
    },{
      "name": "DUALSMG_T77",
      "tournament": "camp"
    },{
      "name": "DUALSMG_T77_SILVER",
      "tournament": "camp"
    },{
      "name": "DUALSMG_T77_GOLD",
      "tournament": "camp"
    },{
      "name": "DUALSMG_KRISSSUPERV_FIREDRAGON",
      "tournament": "camp"
    },{
      "name": "DUALSMG_OA93_SHATTER_FIREDRAGON",
      "tournament": "camp"
    },{
      "name": "DUALSMG_OA93_LATIN7",
      "tournament": "camp"
    },{
      "name": "DUALSMG_KRISSSUPERV_DESERTHOUND",
      "tournament": "camp"
    },{
      "name": "DUALSMG_OA_93_DESERTHOUND",
      "tournament": "camp"
    },{
      "name": "DUALSMG_KRISSSUPERV_FREEDOM",
      "tournament": "camp"
    },{
      "name": "DUALSMG_OA93_XMAS2017",
      "tournament": "camp"
    },{
      "name": "DUALSMG_KRISSSUPERV_XMAS2017",
      "tournament": "camp"
    },{
      "name": "DUALSMG_OA_93_BLACK",
      "tournament": "camp"
    },{
      "name": "DUALSMG_OA93_RED",
      "tournament": "camp"
    },{
      "name": "DUALSMG_KRISSSUPERV_BLUE",
      "tournament": "camp"
    },{
      "name": "DUALSMG_OA_93_BLUE",
      "tournament": "camp"
    },{
      "name": "DUALSMG_KRISSSUPERV_PANDORA",
      "tournament": "camp"
    },{
      "name": "DUALSMG_OA93_PANDORA",
      "tournament": "camp"
    },{
      "name": "DUALSMG_OA93_PUPPY",
      "tournament": "camp"
    },{
      "name": "DUALSMG_KRISSSUPERV_RRQ",
      "tournament": "camp"
    },{
      "name": "DUALSMG_OA93_RRQ",
      "tournament": "camp"
    },{
      "name": "DUALSMG_KRISSSUPERV_ZEPETTO",
      "tournament": "camp"
    },{
      "name": "DUALSMG_OA93_ZEPETTO",
      "tournament": "camp"
    },{
      "name": "DUALSMG_KRISSSUPERV_HEARTVALENTINE",
      "tournament": "camp"
    },{
      "name": "DUALSMG_OA93_GRSV",
      "tournament": "camp"
    },{
      "name": "DUALSMG_KRISSSUPERV_GRSV",
      "tournament": "camp"
    },{
      "name": "DUALSMG_KRISSSUPERV_FLAME",
      "tournament": "camp"
    },{
      "name": "DUALSMG_KRISSSUPERV_NUSANTARA",
      "tournament": "camp"
    },{
      "name": "DUALSMG_OA93_NUSANTARA",
      "tournament": "camp"
    },{
      "name": "DUALSMG_KRISSSUPERV_GRADUATION",
      "tournament": "camp"
    },{
      "name": "DUALSMG_OA93_GRADUATION",
      "tournament": "camp"
    },{
      "name": "DUALSMG_OA93_LATINCHAMPIONSHIP",
      "tournament": "camp"
    },{
      "name": "DUALSMG_OA93_SPACE_BASIC",
      "tournament": "camp"
    },{
      "name": "DUALSMG_OA93_SPACE_DELUXE",
      "tournament": "camp"
    },{
      "name": "DUALSMG_OA93_HOLI",
      "tournament": "camp"
    },{
      "name": "DUALSMG_KRISSSUPERV_DIGITAL",
      "tournament": "camp"
    },{
      "name": "DUALSMG_KRISSSUPERV_M1LGR4U",
      "tournament": "camp"
    },{
      "name": "DUALSMG_KRISSSUPERV_MAZE",
      "tournament": "camp"
    },{
      "name": "DUALSMG_OA93_MAZE",
      "tournament": "camp"
    },{
      "name": "DUALSMG_OA_93_PBWC2018",
      "tournament": "camp"
    },{
      "name": "DUALSMG_KRISSSUPERV_PBWC2018",
      "tournament": "camp"
    },{
      "name": "DUALSMG_KRISSSUPERV_3RDANNI",
      "tournament": "camp"
    },{
      "name": "DUALSMG_OA93_3RDANNI",
      "tournament": "camp"
    },{
      "name": "BARRETT",
      "tournament": "camp"
    },{
      "name": "DSR_1",
      "tournament": "camp"
    },{
      "name": "LSRS_TEMP",
      "tournament": "camp"
    },{
      "name": "SVU_SE",
      "tournament": "camp"
    },{
      "name": "XM2010",
      "tournament": "camp"
    },{
      "name": "WALTHER_WA2000",
      "tournament": "camp"
    },{
      "name": "WALTHER_WA2000_GOLD",
      "tournament": "camp"
    },{
      "name": "VSK94_ELITE",
      "tournament": "camp"
    },{
      "name": "BARRETT_P",
      "tournament": "camp"
    },{
      "name": "SVU_PBTC2015",
      "tournament": "camp"
    },{
      "name": "XM2010_PBNC2015_US",
      "tournament": "camp"
    },{
      "name": "DSR_1_SPY",
      "tournament": "camp"
    },{
      "name": "DSR_1_SPY_DELUXE",
      "tournament": "camp"
    },{
      "name": "AS_50",
      "tournament": "camp"
    },{
      "name": "AS_50_GOLD",
      "tournament": "camp"
    },{
      "name": "AS_50_D",
      "tournament": "camp"
    },{
      "name": "DRAGUNOV_RUSSIAN_NORMAL",
      "tournament": "camp"
    },{
      "name": "DRAGUNOV_RUSSIAN_DELUXE",
      "tournament": "camp"
    },{
      "name": "AS_50_PBTC2016",
      "tournament": "camp"
    },{
      "name": "AS_50_BEYOND",
      "tournament": "camp"
    },{
      "name": "AS_50_GSL2017",
      "tournament": "camp"
    },{
      "name": "AS_50_MNB3",
      "tournament": "camp"
    },{
      "name": "AS_50_ID_2STANNI",
      "tournament": "camp"
    },{
      "name": "BARRETT_PREMIUM",
      "tournament": "camp"
    },{
      "name": "AS_50_PHANTOM",
      "tournament": "camp"
    },{
      "name": "AS_50_PBTC2017",
      "tournament": "camp"
    },{
      "name": "AS_50_KEMERDE",
      "tournament": "camp"
    },{
      "name": "AS_50_PBIC2017",
      "tournament": "camp"
    },{
      "name": "AS_50_BLACK",
      "tournament": "camp"
    },{
      "name": "BARRETT_M82A1_BLACK",
      "tournament": "camp"
    },{
      "name": "BARRETT_RED",
      "tournament": "camp"
    },{
      "name": "AS_50_RED",
      "tournament": "camp"
    },{
      "name": "BARRETT_RED",
      "tournament": "camp"
    },{
      "name": "AS_50_BLUE",
      "tournament": "camp"
    },{
      "name": "BARRETT_BLUE",
      "tournament": "camp"
    },{
      "name": "SNIPER_BARRETT_PREMIUM_NUSANTARA",
      "tournament": "camp"
    },{
      "name": "SPAS15",
      "tournament": "camp"
    },{
      "name": "SPAS15_SILVER",
      "tournament": "camp"
    },{
      "name": "SPAS15_SILVER_EXP_PT_20",
      "tournament": "camp"
    },{
      "name": "SPAS15_D",
      "tournament": "camp"
    },{
      "name": "M26_LSS",
      "tournament": "camp"
    },{
      "name": "SPAS15_SILVER_D",
      "tournament": "camp"
    },{
      "name": "SPAS15_MSC",
      "tournament": "camp"
    },{
      "name": "JACKHAMMER",
      "tournament": "camp"
    },{
      "name": "SPAS15_EV",
      "tournament": "camp"
    },{
      "name": "SPAS15_SILVER_EV",
      "tournament": "camp"
    },{
      "name": "M26_LSS_EV",
      "tournament": "camp"
    },{
      "name": "SPAS15_ELITE",
      "tournament": "camp"
    },{
      "name": "SPAS15_NON_LOGO_PBSC",
      "tournament": "camp"
    },{
      "name": "UTS-15",
      "tournament": "camp"
    },{
      "name": "ZOMBIE_SLAYER",
      "tournament": "camp"
    },{
      "name": "REMINGTON_ETA",
      "tournament": "camp"
    },{
      "name": "REMINGTON_ETA_GOLD",
      "tournament": "camp"
    },{
      "name": "UTS-15_D",
      "tournament": "camp"
    },{
      "name": "CERBERUS",
      "tournament": "camp"
    },{
      "name": "UTS-15_GOLD",
      "tournament": "camp"
    },{
      "name": "SPAS15_PBNC6",
      "tournament": "camp"
    },{
      "name": "WATERGUN",
      "tournament": "camp"
    },{
      "name": "SPAS15_PBNC2015",
      "tournament": "camp"
    },{
      "name": "SPAS15_MSC_PBNC2015_US",
      "tournament": "camp"
    },{
      "name": "SPAS_15_BLUEDIAMOND",
      "tournament": "camp"
    },{
      "name": "CERBERUS_GORGEOUS",
      "tournament": "camp"
    },{
      "name": "CHRISTMAS2016_CANESHOTGUN",
      "tournament": "camp"
    },{
      "name": "ZOMBIE_SLAYER_ICE",
      "tournament": "camp"
    },{
      "name": "REMINGTON_ETA_MECHHERO",
      "tournament": "camp"
    },{
      "name": "SPAS15_FIRE",
      "tournament": "camp"
    },{
      "name": "ZOMBIE_SLAYER_ID_2STANNI",
      "tournament": "camp"
    },{
      "name": "UTS_15_NEWBORN2017",
      "tournament": "camp"
    },{
      "name": "SF_SHOTGUN",
      "tournament": "camp"
    },{
      "name": "CERBERUS_KEMERDE",
      "tournament": "camp"
    },{
      "name": "CERBERUS_FIREDRAGON",
      "tournament": "camp"
    },{
      "name": "ZOMBIE_SLAYER_LATIN7",
      "tournament": "camp"
    },{
      "name": "CERBERUS_XMAS2017",
      "tournament": "camp"
    },{
      "name": "JACKHAMMER_BLACK",
      "tournament": "camp"
    },{
      "name": "SPAS15_BLACK",
      "tournament": "camp"
    },{
      "name": "REMINGTON_ETA_BLACK",
      "tournament": "camp"
    },{
      "name": "JACKHAMMER_RED",
      "tournament": "camp"
    },{
      "name": "SPAS15_RED",
      "tournament": "camp"
    },{
      "name": "REMINGTON_ETA_RED",
      "tournament": "camp"
    },{
      "name": "JACKHAMMER_BLUE",
      "tournament": "camp"
    },{
      "name": "SPAS15_BLUE",
      "tournament": "camp"
    },{
      "name": "REMINGTON_ETA_BLUE",
      "tournament": "camp"
    },{
      "name": "SHOTGUN_ZOMBIE_SLAYER_GRADUATION",
      "tournament": "camp"
    },{
      "name": "SHOTGUN_ZOMBIE_SLAYER_MAZE",
      "tournament": "camp"
    },{
      "name": "SHOTGUN_UTS_15_3RDANNI",
      "tournament": "camp"
    },{
      "name": "IMI_UZI_9",
      "tournament": "camp"
    },{
      "name": "KRISS_VECTOR_SDP",
      "tournament": "camp"
    },{
      "name": "HAK45",
      "tournament": "camp"
    },{
      "name": "HK69",
      "tournament": "camp"
    },{
      "name": "M79",
      "tournament": "camp"
    },{
      "name": "GL_06",
      "tournament": "camp"
    },{
      "name": "K5_DUAL_DUMMY",
      "tournament": "camp"
    },{
      "name": "GLOCK18",
      "tournament": "camp"
    },{
      "name": "GLOCK18_D",
      "tournament": "camp"
    },{
      "name": "GLOCK18_PBNC",
      "tournament": "camp"
    },{
      "name": "MGL32",
      "tournament": "camp"
    },{
      "name": "GLOCK18_TURKEY",
      "tournament": "camp"
    },{
      "name": "HK45_HALLOWEEN",
      "tournament": "camp"
    },{
      "name": "GLOCK18_AZERBAIJAN",
      "tournament": "camp"
    },{
      "name": "GLOCK18_BR_CAMO",
      "tournament": "camp"
    },{
      "name": "GLOCK18_PBST2015",
      "tournament": "camp"
    },{
      "name": "GLOCK18_4GAME",
      "tournament": "camp"
    },{
      "name": "MINIAXE_DUMMY",
      "tournament": "camp"
    },{
      "name": "GLOCK18_4GAME_SE",
      "tournament": "camp"
    },{
      "name": "KRISS_VECTOR_SDP_DARKDAYS",
      "tournament": "camp"
    },{
      "name": "GLOCK18_GOLD",
      "tournament": "camp"
    },{
      "name": "KRISS_VECTOR_SDP_CAMO_SOLDIER",
      "tournament": "camp"
    },{
      "name": "GLOCK18_MUMMY",
      "tournament": "camp"
    },{
      "name": "KRISS_VECTOR_SDP_PUZZLE",
      "tournament": "camp"
    },{
      "name": "KRISS_VECTOR_SDP_MECHHERO",
      "tournament": "camp"
    },{
      "name": "KRISS_VECTOR_SDP_FIRE",
      "tournament": "camp"
    },{
      "name": "TEC_9",
      "tournament": "camp"
    },{
      "name": "TEC_9_SILVER",
      "tournament": "camp"
    },{
      "name": "TEC_9_GOLD",
      "tournament": "camp"
    },{
      "name": "GLOCK18_SAMURAI",
      "tournament": "camp"
    },{
      "name": "TEC_9_PBST_ES",
      "tournament": "camp"
    },{
      "name": "DUALHANDGUN_SCORPION_VZ61",
      "tournament": "camp"
    },{
      "name": "DUALHANDGUN_SCORPION_VZ61_GOLD",
      "tournament": "camp"
    },{
      "name": "DUALHANDGUN_SCORPION_VZ61_WOODY",
      "tournament": "camp"
    },{
      "name": "DUALHANDGUN_2010ORPION_VZ61_WOODY",
      "tournament": "camp"
    },{
      "name": "DUALHANDGUN_SCORPION_VZ61_GORGEOUS",
      "tournament": "camp"
    },{
      "name": "DUALHANDGUN_SCORPION_VZ61_NEWBORN2017",
      "tournament": "camp"
    },{
      "name": "DUALHANDGUN_SCORPION_VZ61_KEMERDE",
      "tournament": "camp"
    },{
      "name": "DUALHANDGUN_SCORPION_VZ61_7TH_ANNIVERSARY",
      "tournament": "camp"
    },{
      "name": "DUALHANDGUN_SCORPION_VZ61_LATIN7",
      "tournament": "camp"
    },{
      "name": "Ketupat_Grenade",
      "tournament": "camp"
    },{
      "name": "CHOCOLATE_GRENADE",
      "tournament": "camp"
    },{
      "name": "FANOOS_GRENADE",
      "tournament": "camp"
    },{
      "name": "MAAMOUL_GRENADE",
      "tournament": "camp"
    },{
      "name": "Decoy_bomb",
      "tournament": "camp"
    },{
      "name": "M14_MINE",
      "tournament": "camp"
    },{
      "name": "K479",
      "tournament": "camp"
    },{
      "name": "FOOTBALL_BOMB",
      "tournament": "camp"
    },{
      "name": "M14_MINE_D",
      "tournament": "camp"
    },{
      "name": "SHUTTLECOCK",
      "tournament": "camp"
    },{
      "name": "SEPAKTAKRAWBALL",
      "tournament": "camp"
    },{
      "name": "M18A1_CLAYMORE",
      "tournament": "camp"
    },{
      "name": "WATER_BOMB",
      "tournament": "camp"
    },{
      "name": "SNOWMAN_GRENADE",
      "tournament": "camp"
    },{
      "name": "FOOTBALL_BOMB_2016",
      "tournament": "camp"
    },{
      "name": "BEER_BARREL",
      "tournament": "camp"
    },{
      "name": "BEER_GLASS",
      "tournament": "camp"
    },{
      "name": "VALLYBALL_BOMB",
      "tournament": "camp"
    },{
      "name": "WP_SMOKE_PLUS",
      "tournament": "camp"
    },{
      "name": "MEDICAL_KIT",
      "tournament": "camp"
    },{
      "name": "HALLOWEEN_MEDICAL_KIT",
      "tournament": "camp"
    },{
      "name": "CHOCOLATE_KIT",
      "tournament": "camp"
    },{
      "name": "MEDICAL_KIT_LOTUS",
      "tournament": "camp"
    },{
      "name": "WP_SMOKE_PLUS_P",
      "tournament": "camp"
    },{
      "name": "MEDICAL_KIT_OPOR_AYAM",
      "tournament": "camp"
    },{
      "name": "MEDICAL_KIT_PBNC5",
      "tournament": "camp"
    },{
      "name": "MEDICAL_KIT_EASTER",
      "tournament": "camp"
    },{
      "name": "MEDICAL_KIT_KURMA",
      "tournament": "camp"
    },{
      "name": "MEDICAL_KIT_PBNC6",
      "tournament": "camp"
    },{
      "name": "MEDICAL_KIT_PIGEON",
      "tournament": "camp"
    },{
      "name": "HEAL_MEDICAL_KIT_PBNC2015",
      "tournament": "camp"
    },{
      "name": "CS_GAS",
      "tournament": "camp"
    },{
      "name": "Reinforced_D-Fox",
      "tournament": "camp"
    },{
      "name": "Reinforced_Leopard",
      "tournament": "camp"
    },{
      "name": "Reinforced_ViperRed",
      "tournament": "camp"
    },{
      "name": "Reinforced_Hide",
      "tournament": "camp"
    },{
      "name": "Reinforced_Combo_D-Fox",
      "tournament": "camp"
    },{
      "name": "Reinforced_Combo_Leopard",
      "tournament": "camp"
    },{
      "name": "Reinforced_Combo_ViperRed",
      "tournament": "camp"
    },{
      "name": "Reinforced_Combo_Hide",
      "tournament": "camp"
    },{
      "name": "Reinforced_SWAT_Male",
      "tournament": "camp"
    },{
      "name": "Reinforced_SWAT_Female",
      "tournament": "camp"
    },{
      "name": "Reinforced_REBEL_Male",
      "tournament": "camp"
    },{
      "name": "Reinforced_REBEL_Female",
      "tournament": "camp"
    },{
      "name": "Reinforced_Chou",
      "tournament": "camp"
    },{
      "name": "Reinforced_Bella",
      "tournament": "camp"
    },{
      "name": "SWAT_Female_GRS",
      "tournament": "camp"
    },{
      "name": "SWAT_MALE_20%",
      "tournament": "camp"
    },{
      "name": "REBEL_Female_GRS",
      "tournament": "camp"
    },{
      "name": "REBEL_Male_GRS",
      "tournament": "camp"
    },{
      "name": "Hide_Kopassus",
      "tournament": "camp"
    },{
      "name": "Leopard_15%",
      "tournament": "camp"
    },{
      "name": "Hide_Soccer",
      "tournament": "camp"
    },{
      "name": "REBEL_Soccer",
      "tournament": "camp"
    },{
      "name": "REBEL_ViperShadow",
      "tournament": "camp"
    },{
      "name": "Hide_Recon",
      "tournament": "camp"
    },{
      "name": "SWAT_Female_Madness",
      "tournament": "camp"
    },{
      "name": "SWAT_Male_Madness",
      "tournament": "camp"
    },{
      "name": "Hide_Madness",
      "tournament": "camp"
    },{
      "name": "Leopard_Madness",
      "tournament": "camp"
    },{
      "name": "SWAT_Male_Madness_Sales",
      "tournament": "camp"
    },{
      "name": "SWAT_Female_Madness_Sales",
      "tournament": "camp"
    },{
      "name": "Hide_Madness_Sales",
      "tournament": "camp"
    },{
      "name": "Leopard_Madness_Sales",
      "tournament": "camp"
    },{
      "name": "Hide_Black",
      "tournament": "camp"
    },{
      "name": "REBEL_Viper_Kopassus",
      "tournament": "camp"
    },{
      "name": "Bella_Belly",
      "tournament": "camp"
    },{
      "name": "REBEL_Viper_Pirate",
      "tournament": "camp"
    },{
      "name": "REBEL_Viper_NBgirl",
      "tournament": "camp"
    },{
      "name": "REBEL_Viper_Demolition",
      "tournament": "camp"
    },{
      "name": "REBEL_Viper_Bouncer",
      "tournament": "camp"
    },{
      "name": "Redbulls_Ninja",
      "tournament": "camp"
    },{
      "name": "Fox_Hitman",
      "tournament": "camp"
    },{
      "name": "KeenEyes_Ninja",
      "tournament": "camp"
    },{
      "name": "Chou_FBI",
      "tournament": "camp"
    },{
      "name": "Leopard_Hitman",
      "tournament": "camp"
    },{
      "name": "SWAT_Female_SWAT",
      "tournament": "camp"
    },{
      "name": "SWAT_Female_SWAT-Sniper",
      "tournament": "camp"
    },{
      "name": "Hide_Nbgirl",
      "tournament": "camp"
    },{
      "name": "Hide_JumpSuit",
      "tournament": "camp"
    },{
      "name": "Acidpol_Ninja",
      "tournament": "camp"
    },{
      "name": "REBEL_Female_CrocSuit",
      "tournament": "camp"
    },{
      "name": "SWAT_Female_SAS",
      "tournament": "camp"
    },{
      "name": "Bella_WW2",
      "tournament": "camp"
    },{
      "name": "Chou_WW2",
      "tournament": "camp"
    },{
      "name": "Tarantula_Somalian-Pirate",
      "tournament": "camp"
    },{
      "name": "REBEL_Viper_General",
      "tournament": "camp"
    },{
      "name": "Hide_General",
      "tournament": "camp"
    },{
      "name": "Hide_GIGN",
      "tournament": "camp"
    },{
      "name": "REBEL_Viper_Matilda",
      "tournament": "camp"
    },{
      "name": "REBEL_Female_P1000",
      "tournament": "camp"
    },{
      "name": "SWAT_Female_P1000",
      "tournament": "camp"
    },{
      "name": "Chou_Invasion",
      "tournament": "camp"
    },{
      "name": "Bella_Invasion",
      "tournament": "camp"
    },{
      "name": "Hide_Vacance17",
      "tournament": "camp"
    },{
      "name": "REBEL_Viper_Vacance17",
      "tournament": "camp"
    },{
      "name": "Tarantula_Ninja",
      "tournament": "camp"
    },{
      "name": "Chou_Pocong",
      "tournament": "camp"
    },{
      "name": "Bella_HalloweenNurse",
      "tournament": "camp"
    },{
      "name": "Chou_HalloweenNurse",
      "tournament": "camp"
    },{
      "name": "Bella_Rangda",
      "tournament": "camp"
    },{
      "name": "REBEL_Viper_Rudolph",
      "tournament": "camp"
    },{
      "name": "Hide_Rudolph",
      "tournament": "camp"
    },{
      "name": "SantaHat",
      "tournament": "camp"
    },{
      "name": "ChineseHat",
      "tournament": "camp"
    },{
      "name": "IndonesiaHeadband",
      "tournament": "camp"
    },{
      "name": "IndonesiaHeadband_GW",
      "tournament": "camp"
    },{
      "name": "CowboyHat",
      "tournament": "camp"
    },{
      "name": "Fes_Hat",
      "tournament": "camp"
    },{
      "name": "ChineseHat2",
      "tournament": "camp"
    },{
      "name": "Boonie-Hat_Kopasuss",
      "tournament": "camp"
    },{
      "name": "Toy_Hat",
      "tournament": "camp"
    },{
      "name": "Cangaceiro_Hat",
      "tournament": "camp"
    },{
      "name": "Paper_Hat",
      "tournament": "camp"
    },{
      "name": "Bicorne_Hat",
      "tournament": "camp"
    },{
      "name": "Boonie-Hat_Camo-Soldier",
      "tournament": "camp"
    },{
      "name": "CowboyHat_GM",
      "tournament": "camp"
    },{
      "name": "Monkey",
      "tournament": "camp"
    },{
      "name": "Pot_Lebaran2016",
      "tournament": "camp"
    },{
      "name": "Chicken",
      "tournament": "camp"
    },{
      "name": "Valentine_Witch",
      "tournament": "camp"
    },{
      "name": "Snorkeling",
      "tournament": "camp"
    },{
      "name": "Puppy",
      "tournament": "camp"
    },{
      "name": "Golden Smile Mask",
      "tournament": "camp"
    },{
      "name": "Mask Sheep",
      "tournament": "camp"
    },{
      "name": "Alien mask azul",
      "tournament": "camp"
    },{
      "name": "Mask PBIC2013",
      "tournament": "camp"
    },{
      "name": "Mask italiana",
      "tournament": "camp"
    },{
      "name": "Mask cranio",
      "tournament": "camp"
    },{
      "name": "Mask two-toned",
      "tournament": "camp"
    },{
      "name": "Mask palhaço",
      "tournament": "camp"
    },{
      "name": "Mask  preta",
      "tournament": "camp"
    },{
      "name": "Mask jewel pink",
      "tournament": "camp"
    },{
      "name": "Mask morte",
      "tournament": "camp"
    },{
      "name": "Mask Korea marine",
      "tournament": "camp"
    },{
      "name": "Mask panda",
      "tournament": "camp"
    },{
      "name": "Mask Bersaglio",
      "tournament": "camp"
    },{
      "name": "Mask White",
      "tournament": "camp"
    },{
      "name": "Mask troll",
      "tournament": "camp"
    },{
      "name": "Mask fuu",
      "tournament": "camp"
    },{
      "name": "Mask tigre",
      "tournament": "camp"
    },{
      "name": "Mask abobora",
      "tournament": "camp"
    },{
      "name": "Mask dinossauro",
      "tournament": "camp"
    },{
      "name": "Mask Clown BR",
      "tournament": "camp"
    },{
      "name": "Mask chain",
      "tournament": "camp"
    },{
      "name": "Mask Chain",
      "tournament": "camp"
    },{
      "name": "Mask determinado",
      "tournament": "camp"
    },{
      "name": "Mask Brazuka",
      "tournament": "camp"
    },{
      "name": "Mask demonio",
      "tournament": "camp"
    },{
      "name": "Mask jason",
      "tournament": "camp"
    },{
      "name": "Mask mummy",
      "tournament": "camp"
    },{
      "name": "Mask ID 1stAnni",
      "tournament": "camp"
    },{
      "name": "Rorschach Mask",
      "tournament": "camp"
    },{
      "name": "Mask iron",
      "tournament": "camp"
    },{
      "name": "Mask Unicorn",
      "tournament": "camp"
    },{
      "name": "Mask Brazuca2",
      "tournament": "camp"
    },{
      "name": "Beret_BRAZUCA3",
      "tournament": "camp"
    },{
      "name": "AUG A3 Silence MNB4",
      "tournament": "camp"
    },{
      "name": "SMG_OA93_MILKYWAY",
      "tournament": "camp"
    },{
      "name": "KRISSSUPERV_MILKYWAY",
      "tournament": "camp"
    },{
      "name": "MASK PTBN",
      "tournament": "camp"
    },{
      "name": "SMG_OA_93_VIT0RIA",
      "tournament": "camp"
    },{
      "name": "SMG_OA_93_VIT0RIA_DUMMY",
      "tournament": "camp"
    },{
      "name": "SMG_APC9_MILKYWAY",
      "tournament": "camp"
    },{
      "name": "SHOTGUN_CERBERUS_MILKYWAY",
      "tournament": "camp"
    },{
      "name": "ASSAULT_MSBS_MILKYWAY",
      "tournament": "camp"
    },{
      "name": "DUALSMG_OA93_MECHHERO",
      "tournament": "camp"
    },{
      "name": "DUALSMG_OA93_FIRE",
      "tournament": "camp"
    },{
      "name": "DUALSMG_KRISSSUPERV_PBGC2017",
      "tournament": "camp"
    },{
      "name": "HelmetReinforce",
      "tournament": "camp"
    },{
      "name": "Helmet_Sheriff",
      "tournament": "camp"
    },{
      "name": "Helmet_Madness",
      "tournament": "camp"
    },{
      "name": "Mask PBIC 2015 Premium",
      "tournament": "camp"
    },{
      "name": "Mask Phantom",
      "tournament": "camp"
    },{
      "name": "Mask Black Skull",
      "tournament": "camp"
    },{
      "name": "Mask PBWC 2017 Basic",
      "tournament": "camp"
    },{
      "name": "Mask Bolt",
      "tournament": "camp"
    },{
      "name": "Mask PBST-ES",
      "tournament": "camp"
    },{
      "name": "BeretCheguevaraCross[SET]",
      "tournament": "camp"
    },{
      "name": "Mask Reinforce Black[Aug A3 Black Set]",
      "tournament": "camp"
    },{
      "name": "Mask KeenEyes +++",
      "tournament": "camp"
    },{
      "name": "Mask AcidPol ++",
      "tournament": "camp"
    },{
      "name": "Mask D-Fox +++",
      "tournament": "camp"
    },{
      "name": "Mask Tarantula ++",
      "tournament": "camp"
    },{
      "name": "Mask Buffalo +++",
      "tournament": "camp"
    },{
      "name": "Bella_PinkChoco [R]",
      "tournament": "camp"
    },{
      "name": "Chou_MintChoco [R]",
      "tournament": "camp"
    },{
      "name": "Beret VeraCruz",
      "tournament": "camp"
    },{
      "name": "SC-2010_ROSE",
      "tournament": "camp"
    },{
      "name": "WP_SMOKE_D",
      "tournament": "camp"
    },{
      "name": "MEDICAL_KIT_LOTUS2",
      "tournament": "camp"
    },{
      "name": "SMOKEGRENADE_PINK",
      "tournament": "camp"
    },{
      "name": "SMOKEGRENADE_BLUE",
      "tournament": "camp"
    },{
      "name": "SMOKEGRENADE_YELLOW",
      "tournament": "camp"
    },{
      "name": "HelmetStrengthenPlus",
      "tournament": "camp"
    },{
      "name": "HelmetSuper",
      "tournament": "camp"
    },{
      "name": "WP_SMOKE",
      "tournament": "camp"
    },{
      "name": "P90_EXT_ICE",
      "tournament": "camp"
    },{
      "name": "AUG_A3_ZEPETTO",
      "tournament": "camp"
    },{
      "name": "HelmetAngelRing",
      "tournament": "camp"
    },{
      "name": "AUG_A3_BLUE",
      "tournament": "camp"
    },{
      "name": "Mask Mach Hero",
      "tournament": "camp"
    }
	]
}