{
    "basic": [
      {
        "equip": "3",
        "count": "2592000",
        "name": "AUG_A3_BRAZUCA2",
        "ItemID": "100003362",
        "Type": "0"
      },
      {
        "equip": "3",
        "count": "2592000",
        "name": "SC_2010_BRAZUCA2",
        "ItemID": "100003363",
        "Type": "0"
      },
      {
        "equip": "3",
        "count": "2592000",
        "name": "P90_EXT_BRAZUCA2",
        "ItemID": "200004430",
        "Type": "0"
      },
      {
        "equip": "3",
        "count": "0",
        "name": "Smoke",
        "ItemID": "904007002",
        "Type": "0"
      },
      {
        "equip": "3",
        "count": "0",
        "name": "Red Bulls",
        "ItemID": "1001001005",
        "Type": "0"
      },
      {
        "equip": "3",
        "count": "0",
        "name": "Acid Pol",
        "ItemID": "1001002006",
        "Type": "0"
      },
      {
        "equip": "3",
        "count": "2592000",
        "name": "CHEYTAC_M200_BRAZUCA2",
        "ItemID": "300005229",
        "Type": "0"
      },
      {
        "equip": "3",
        "count": "2592000",
        "name": "K-400",
        "ItemID": "803007001",
        "Type": "0"
      },
      {
        "equip": "3",
        "count": "0",
        "name": "Acid",
        "ItemID": "1006003043",
        "Type": "0"
      },
      {
        "equip": "3",
        "count": "0",
        "name": "Capacete basico",
        "ItemID": "1102003001",
        "Type": "0"
      },
      {
        "equip": "3",
        "count": "2592000",
        "name": "M7_MINIAXE",
        "ItemID": "702001033",
        "Type": "0"
      },
      {
        "equip": "3",
        "count": "2592000",
        "name": "MK23_SILENCER",
        "ItemID": "601002002",
        "Type": "0"
      },
      {
        "equip": "3",
        "count": "0",
        "name": "SG669",
        "ItemID": "300005003",
        "Type": "0"
      },
      {
        "equip": "3",
        "count": "0",
        "name": "870MCS",
        "ItemID": "400006001",
        "Type": "0"
      }
    ]
}