{
    "Rank": [
      {
        "count": "86400",
        "equip": "1",
        "Name": "AUG_A3_LIONFLAME",
        "item_id": "100003193",
        "rank_id": "0"
      },
      {
        "count": "86400",
        "equip": "1",
        "Name": "COLT_PYTHON_GOLD",
        "item_id": "601002017",
        "rank_id": "0"
      },
      {
        "count": "86400",
        "equip": "1",
        "Name": "FANGBLADE_ALIEN",
        "item_id": "702001149",
        "rank_id": "0"
      },
      {
        "count": "86400",
        "equip": "1",
        "Name": "GRENADE_K_400_MUMMY",
        "item_id": "803007057",
        "rank_id": "0"
      },
      {
        "count": "86400",
        "equip": "1",
        "Name": "KRISSSUPERV_GOLD",
        "item_id": "200004026",
        "rank_id": "1"
      },
      {
        "count": "86400",
        "equip": "1",
        "Name": "DUALHANDGUN_DESERTEAGLE_GOLD",
        "item_id": "601014004",
        "rank_id": "1"
      },
      {
        "count": "86400",
        "equip": "1",
        "Name": "KUKRII_D",
        "item_id": "702001011",
        "rank_id": "1"
      },
      {
        "count": "86400",
        "equip": "1",
        "Name": "GRENADE_K_400_MUMMY",
        "item_id": "803007057",
        "rank_id": "1"
      },
      {
        "count": "86400",
        "equip": "1",
        "Name": "CHEYTAC_M200_PBIC2014",
        "item_id": "300005087",
        "rank_id": "2"
      },
      {
        "count": "86400",
        "equip": "1",
        "Name": "IMI_UZI_9",
        "item_id": "601002023",
        "rank_id": "2"
      },
      {
        "count": "86400",
        "equip": "1",
        "Name": "DEATH_SCYTHE",
        "item_id": "702001066",
        "rank_id": "2"
      },
      {
        "count": "86400",
        "equip": "1",
        "Name": "SPAS15_D",
        "item_id": "400006012",
        "rank_id": "2"
      },
      {
        "count": "86400",
        "equip": "1",
        "Name": "M1887_D",
        "item_id": "400006017",
        "rank_id": "3"
      },
      {
        "count": "86400",
        "equip": "1",
        "Name": "COLT45",
        "item_id": "601002022",
        "rank_id": "3"
      },
      {
        "count": "86400",
        "equip": "1",
        "Name": "MINIAXE_D",
        "item_id": "702001012",
        "rank_id": "3"
      },
      {
        "count": "86400",
        "equip": "1",
        "Name": "GRENADE_K_400_ALIEN",
        "item_id": "803007062",
        "rank_id": "3"
      },
      {
        "count": "172800",
        "equip": "1",
        "Name": "AK47_PBIC2013",
        "item_id": "100003121",
        "rank_id": "4"
      },
      {
        "count": "86400",
        "equip": "1",
        "Name": "KARAMBIT",
        "item_id": "702001147",
        "rank_id": "4"
      },
      {
        "count": "86400",
        "equip": "1",
        "Name": "GRENADE_K_400_ALIEN",
        "item_id": "803007062",
        "rank_id": "4"
      },
      {
        "count": "1",
        "equip": "1",
        "Name": "Pacote UP Nivel 5",
        "item_id": "1301284000",
        "rank_id": "5"
      },
      {
        "count": "86400",
        "equip": "1",
        "Name": "CANDYCANE",
        "item_id": "702001024",
        "rank_id": "5"
      },
      {
        "count": "86400",
        "equip": "1",
        "Name": "GRENADE_K_400_ALIEN",
        "item_id": "803007062",
        "rank_id": "5"
      },
      {
        "count": "172800",
        "equip": "1",
        "Name": "L115A1_GOLD",
        "item_id": "300005015",
        "rank_id": "6"
      },
      {
        "count": "86400",
        "equip": "1",
        "Name": "KERIS",
        "item_id": "702001021",
        "rank_id": "6"
      },
      {
        "count": "86400",
        "equip": "1",
        "Name": "GRENADE_K_400_ALIEN",
        "item_id": "803007062",
        "rank_id": "6"
      },
      {
        "count": "172800",
        "equip": "1",
        "Name": "SPAS15_MSC",
        "item_id": "400006018",
        "rank_id": "7"
      },
      {
        "count": "86400",
        "equip": "1",
        "Name": "GRENADE_K_400_ALIEN",
        "item_id": "803007062",
        "rank_id": "7"
      },
      {
        "count": "172800",
        "equip": "1",
        "Name": "M4A1_Elite",
        "item_id": "100003114",
        "rank_id": "8"
      },
      {
        "count": "1",
        "equip": "1",
        "Name": "Pacote UP Nivel 8",
        "item_id": "1301285000",
        "rank_id": "8"
      },
      {
        "count": "86400",
        "equip": "1",
        "Name": "GRENADE_K_400_ALIEN",
        "item_id": "803007062",
        "rank_id": "8"
      },
      {
        "count": "172800",
        "equip": "1",
        "Name": "OA93_GOLD",
        "item_id": "200004136",
        "rank_id": "9"
      },
      {
        "count": "86400",
        "equip": "1",
        "Name": "FANG_BLADE",
        "item_id": "702001017",
        "rank_id": "9"
      },
      {
        "count": "86400",
        "equip": "1",
        "Name": "GRENADE_K_400_ALIEN",
        "item_id": "803007062",
        "rank_id": "9"
      },
      {
        "count": "172800",
        "equip": "1",
        "Name": "L115A1_D",
        "item_id": "300005017",
        "rank_id": "10"
      },
      {
        "count": "86400",
        "equip": "1",
        "Name": "GRENADE_K_400_ALIEN",
        "item_id": "803007062",
        "rank_id": "10"
      },
      {
        "count": "172800",
        "equip": "1",
        "Name": "870MCS_W_D",
        "item_id": "400006011",
        "rank_id": "11"
      },
      {
        "count": "86400",
        "equip": "1",
        "Name": "KERIS_XMAS",
        "item_id": "702001047",
        "rank_id": "11"
      },
      {
        "count": "1",
        "equip": "1",
        "Name": "Pacote UP Nivel 12",
        "item_id": "1301286000",
        "rank_id": "12"
      },
      {
        "count": "259200",
        "equip": "1",
        "Name": "Bella",
        "item_id": "1001001034",
        "rank_id": "12"
      },
      {
        "count": "86400",
        "equip": "1",
        "Name": "GLOCK18",
        "item_id": "601002011",
        "rank_id": "13"
      },
      {
        "count": "259200",
        "equip": "1",
        "Name": "Reinforced_D-Fox",
        "item_id": "1001001011",
        "rank_id": "13"
      },
      {
        "count": "86400",
        "equip": "1",
        "Name": "GLOCK18",
        "item_id": "601002011",
        "rank_id": "14"
      },
      {
        "count": "259200",
        "equip": "1",
        "Name": "Reinforced_Hide",
        "item_id": "1001002014",
        "rank_id": "14"
      },
      {
        "count": "86400",
        "equip": "1",
        "Name": "GLOCK18_D",
        "item_id": "601002021",
        "rank_id": "15"
      },
      {
        "count": "259200",
        "equip": "1",
        "Name": "Hide_Kopassus",
        "item_id": "1001002051",
        "rank_id": "15"
      },
      {
        "count": "86400",
        "equip": "1",
        "Name": "GLOCK18_D",
        "item_id": "601002021",
        "rank_id": "16"
      },
      {
        "count": "259200",
        "equip": "1",
        "Name": "SantaHat",
        "item_id": "1105003001",
        "rank_id": "16"
      },
      {
        "count": "259200",
        "equip": "1",
        "Name": "HK69",
        "item_id": "601002026",
        "rank_id": "17"
      },
      {
        "count": "1",
        "equip": "1",
        "Name": "Pacote UP Nivel 17",
        "item_id": "1301288000",
        "rank_id": "17"
      },
      {
        "count": "259200",
        "equip": "1",
        "Name": "TAURUS_454SS_SCOPE_VERACRUZ2016",
        "item_id": "601002081",
        "rank_id": "18"
      },
      {
        "count": "259200",
        "equip": "1",
        "Name": "Reinforced_ViperRed",
        "item_id": "1001001013",
        "rank_id": "18"
      },
      {
        "count": "259200",
        "equip": "1",
        "Name": "COLTPYTHON_SAKURA",
        "item_id": "601002082",
        "rank_id": "19"
      },
      {
        "count": "259200",
        "equip": "1",
        "Name": "Reinforced_Leopard",
        "item_id": "1001002012",
        "rank_id": "19"
      },
      {
        "count": "86400",
        "equip": "1",
        "Name": "COLTPYTHON_BEAST",
        "item_id": "601002083",
        "rank_id": "20"
      },
      {
        "count": "259200",
        "equip": "1",
        "Name": "Hide_Soccer",
        "item_id": "1001002053",
        "rank_id": "20"
      },
      {
        "count": "1",
        "equip": "1",
        "Name": "Pacote UP Nivel 21",
        "item_id": "1302061000",
        "rank_id": "21"
      },
      {
        "count": "259200",
        "equip": "1",
        "Name": "Alien mask azul",
        "item_id": "1104003015",
        "rank_id": "21"
      },
      {
        "count": "86400",
        "equip": "1",
        "Name": "_AUG_A3_RENEGADE2",
        "item_id": "100003479",
        "rank_id": "22"
      },
      {
        "count": "259200",
        "equip": "1",
        "Name": "Mask Sheep",
        "item_id": "1104003131",
        "rank_id": "22"
      },
      {
        "count": "86400",
        "equip": "1",
        "Name": "FANG_BLADE",
        "item_id": "702001017",
        "rank_id": "23"
      },
      {
        "count": "259200",
        "equip": "1",
        "Name": "Mask PBIC2013",
        "item_id": "1104003129",
        "rank_id": "23"
      },
      {
        "count": "100",
        "equip": "1",
        "Name": "KUKRII",
        "item_id": "702001004",
        "rank_id": "24"
      },
      {
        "count": "259200",
        "equip": "1",
        "Name": "Chicken",
        "item_id": "1105003018",
        "rank_id": "24"
      },
      {
        "count": "259200",
        "equip": "1",
        "Name": "ARABIAN_SWORD2",
        "item_id": "702001049",
        "rank_id": "25"
      },
      {
        "count": "259200",
        "equip": "1",
        "Name": "Cangaceiro_Hat",
        "item_id": "1105003010",
        "rank_id": "25"
      },
      {
        "count": "1",
        "equip": "1",
        "Name": "Pacote UP Nivel 26",
        "item_id": "1302062000",
        "rank_id": "26"
      },
      {
        "count": "259200",
        "equip": "1",
        "Name": "Toy_Hat",
        "item_id": "1105003009",
        "rank_id": "26"
      },
      {
        "count": "259200",
        "equip": "1",
        "Name": "BALLISTIC",
        "item_id": "702001018",
        "rank_id": "27"
      },
      {
        "count": "259200",
        "equip": "1",
        "Name": "M9",
        "item_id": "702001002",
        "rank_id": "27"
      },
      {
        "count": "259200",
        "equip": "1",
        "Name": "AUG_A3_ESPORT",
        "item_id": "100003063",
        "rank_id": "28"
      },
      {
        "count": "259200",
        "equip": "1",
        "Name": "M7_GOLD",
        "item_id": "702001009",
        "rank_id": "28"
      },
      {
        "count": "259200",
        "equip": "1",
        "Name": "RANGEMASTER338_CAMO_SOLDIER",
        "item_id": "300005128",
        "rank_id": "29"
      },
      {
        "count": "259200",
        "equip": "1",
        "Name": "MINIAXE_D",
        "item_id": "702001012",
        "rank_id": "29"
      },
      {
        "count": "259200",
        "equip": "1",
        "Name": "TACTILITE_T2_GOLD",
        "item_id": "300005132",
        "rank_id": "30"
      },
      {
        "count": "86400",
        "equip": "1",
        "Name": "DEATH_SCYTHE",
        "item_id": "702001066",
        "rank_id": "30"
      },
      {
        "count": "259200",
        "equip": "1",
        "Name": "FANG_BLADE_INFERNO",
        "item_id": "702001057",
        "rank_id": "31"
      },
      {
        "count": "1",
        "equip": "1",
        "Name": "Pacote UP Nivel 31",
        "item_id": "1302063000",
        "rank_id": "31"
      },
      {
        "count": "86400",
        "equip": "1",
        "Name": "P90_DOTSIGHT",
        "item_id": "200004011",
        "rank_id": "32"
      },
      {
        "count": "259200",
        "equip": "1",
        "Name": "KUKRII_D",
        "item_id": "702001011",
        "rank_id": "32"
      },
      {
        "count": "1",
        "equip": "1",
        "Name": "Quick Change Reload",
        "item_id": "1300027007",
        "rank_id": "33"
      },
      {
        "count": "1",
        "equip": "1",
        "Name": "Change Nickname",
        "item_id": "1301047000",
        "rank_id": "34"
      },
      {
        "count": "1",
        "equip": "1",
        "Name": "5% Defense Up",
        "item_id": "1300030007",
        "rank_id": "35"
      },
      {
        "count": "1",
        "equip": "1",
        "Name": "Pacote UP Nivel 36",
        "item_id": "1302064000",
        "rank_id": "36"
      },
      {
        "count": "1",
        "equip": "1",
        "Name": "Munição Hollow Point",
        "item_id": "1300032007",
        "rank_id": "37"
      },
      {
        "count": "1",
        "equip": "1",
        "Name": "Recebe drop",
        "item_id": "1300017007",
        "rank_id": "38"
      },
      {
        "count": "1",
        "equip": "1",
        "Name": "Change Nickname",
        "item_id": "1301047000",
        "rank_id": "39"
      },
      {
        "count": "1",
        "equip": "1",
        "Name": "Fee Move, Free Pass",
        "item_id": "1300011007",
        "rank_id": "40"
      },
      {
        "count": "1",
        "equip": "1",
        "Name": "Pacote UP Nivel 41",
        "item_id": "1302065000",
        "rank_id": "41"
      },
      {
        "count": "1",
        "equip": "1",
        "Name": "Damage Up, Accuracy Down",
        "item_id": "1300031007",
        "rank_id": "42"
      },
      {
        "count": "1",
        "equip": "1",
        "Name": "C4 Speed Up",
        "item_id": "1300034030",
        "rank_id": "43"
      },
      {
        "count": "1",
        "equip": "1",
        "Name": "Change Nickname",
        "item_id": "1301047000",
        "rank_id": "44"
      },
      {
        "count": "2592000",
        "equip": "1",
        "Name": "REBEL_Viper_General",
        "item_id": "1001001286",
        "rank_id": "45"
      },
      {
        "count": "2592000",
        "equip": "1",
        "Name": "Hide_General",
        "item_id": "1001002287",
        "rank_id": "45"
      },
      {
        "count": "1",
        "equip": "3",
        "Name": "0",
        "item_id": "0",
        "rank_id": "45"
      },
      {
        "count": "1",
        "equip": "0",
        "Name": "0",
        "item_id": "0",
        "rank_id": "45"
      },
      {
        "count": "0",
        "equip": "0",
        "Name": "0",
        "item_id": "0",
        "rank_id": "46"
      },
      {
        "count": "1",
        "equip": "3",
        "Name": "BeretSGeneral",
        "item_id": "1103003016",
        "rank_id": "47"
      },
      {
        "count": "0",
        "equip": "0",
        "Name": "0",
        "item_id": "0",
        "rank_id": "48"
      },
      {
        "count": "0",
        "equip": "0",
        "Name": "0",
        "item_id": "0",
        "rank_id": "49"
      },
      {
        "count": "0",
        "equip": "0",
        "Name": "0",
        "item_id": "0",
        "rank_id": "50"
      },
      {
        "count": "1",
        "equip": "1",
        "Name": "20% Defense Up",
        "item_id": "1300079030",
        "rank_id": "51"
      },
      {
        "count": "2592000",
        "equip": "1",
        "Name": "SNIPER_BARRETT_PREMIUM_NUSANTARA",
        "item_id": "300005292",
        "rank_id": "51"
      }
    ]
}