<?xml version="1.0" encoding="utf-8" ?>
<list>
	<title id="8">
        <items>
		    <Item Id="100003014" Count="10" Equip="1" Slot="1"/> ;SG 550 S. 10U
	    </items>
	</title>
	<title id="10">
        <items>
		    <Item Id="100003013" Count="10" Equip="1" Slot="1"/> ;G36C Ext. 10U
	    </items>
	</title>
	<title id="12">
        <items>
		    <Item Id="100003036" Count="10" Equip="1" Slot="1"/> ;AUG A3 10U
		    <Item Id="100003015" Count="10" Equip="1" Slot="1"/> ;AK SOPMOD 10U
	    </items>
	</title>
	<title id="13">
        <items>
		    <Item Id="1103003001" Count="1" Equip="3" Slot="10"/> ;Boina de Assalto
	    </items>
	</title>
	<title id="14">
        <items>
		    <Item Id="300005006" Count="10" Equip="1" Slot="1"/> ;Dragunov G. 10U
	    </items>
	</title>
	<title id="16">
        <items>
		    <Item Id="300005024" Count="10" Equip="1" Slot="1"/> ;PSG1 G 10U
	    </items>
	</title>
	<title id="18">
        <items>
		    <Item Id="300005005" Count="10" Equip="1" Slot="1"/> ;L115A1 10U
	    </items>
	</title>
	<title id="19">
        <items>
		    <Item Id="1103003003" Count="1" Equip="3" Slot="10"/> ;Boina dos Snipers
	    </items>
	</title>
	<title id="20">
        <items>
		    <Item Id="200004007" Count="10" Equip="1" Slot="1"/> ;MP5K G. 10U
		    <Item Id="200004009" Count="10" Equip="1" Slot="1"/> ;Spectre W. 10U
	    </items>
	</title>
	<title id="22">
        <items>
		    <Item Id="200004011" Count="10" Equip="1" Slot="1"/> ;P90 Ext. 10U
	    </items>
	</title>
	<title id="24">
        <items>
		    <Item Id="200004013" Count="10" Equip="1" Slot="1"/> ;Kriss S.V 10U
	    </items>
	</title>
    <title id="25">
        <items>
		    <Item Id="1103003002" Count="1" Equip="3" Slot="10"/> ;Boina de SMG
	    </items>
	</title>
	<title id="26">
        <items>
		    <Item Id="702015001" Count="10" Equip="1" Slot="3"/> ;Dual Knife 10U
	    </items>
	</title>
	<title id="28">
        <items>
		    <Item Id="702001004" Count="10" Equip="1" Slot="3"/> ;Amok Kukri 10U
	    </items>
	</title>
	<title id="29">
        <items>
		    <Item Id="702001007" Count="10" Equip="1" Slot="3"/> ;Mini Axe 10U
	    </items>
	</title>
	<title id="30">
        <items>
		    <Item Id="601013001" Count="10" Equip="1" Slot="2"/> ;P99 HAK 10U
	    </items>
	</title>
	<title id="32">
        <items>
		    <Item Id="601014001" Count="10" Equip="1" Slot="2"/> ;Dual Handgun 10U
		    <Item Id="601014002" Count="10" Equip="1" Slot="2"/> ;Dual D-Eagle 10U
	    </items>
	</title>
        <title id="34">
        <items>
		    <Item Id="1103003005" Count="1" Equip="3" Slot="10"/> ;Boina de Pistoleiro
	    </items>
	</title>
        <title id="35">
        <items>
		    <Item Id="400006004" Count="10" Equip="1" Slot="1"/> ;870MCS W. 10U
	    </items>
	</title>
	<title id="37">
        <items>
		    <Item Id="400006003" Count="10" Equip="1" Slot="1"/> ;SPAS-15 10U
	    </items>
	</title>
	<title id="39">
        <items>
		    <Item Id="1103003004" Count="1" Equip="3" Slot="10"/> ;Boina de Shotgun
	    </items>
	</title>
	<title id="40">
        <items>
		    <Item Id="803007004" Count="10" Equip="1" Slot="4"/> ;C-5 10U
	    </items>
	</title>
	<title id="42">
        <items>
		    <Item Id="904007005" Count="10" Equip="1" Slot="5"/> ;WP Smoke 10U
	    </items>
	</title>
</list>