{
    "mission": [
      {
        "id": "1",
        "blueOrder": "0",
        "exp": "0",
        "gp": "2000"
      },
      {
        "id": "2",
        "blueOrder": "0",
        "exp": "0",
        "gp": "0"
      },
      {
        "id": "3",
        "blueOrder": "0",
        "exp": "0",
        "gp": "0"
      },
      {
        "id": "5",
        "blueOrder": "1",
        "exp": "500",
        "gp": "0"
      },
      {
        "id": "6",
        "blueOrder": "1",
        "exp": "500",
        "gp": "0"
      },
      {
        "id": "7",
        "blueOrder": "1",
        "exp": "500",
        "gp": "0"
      },
      {
        "id": "8",
        "blueOrder": "1",
        "exp": "700",
        "gp": "0"
      },
      {
        "id": "9",
        "blueOrder": "1",
        "exp": "1000",
        "gp": "0"
      },
      {
        "id": "10",
        "blueOrder": "1",
        "exp": "2000",
        "gp": "0"
      },
      {
        "id": "11",
        "blueOrder": "1",
        "exp": "3000",
        "gp": "0"
      },
      {
        "id": "12",
        "blueOrder": "1",
        "exp": "4000",
        "gp": "0"
      },
      {
        "id": "14",
        "blueOrder": "0",
        "exp": "0",
        "gp": "0"
      },
      {
        "id": "15",
        "blueOrder": "0",
        "exp": "0",
        "gp": "0"
      },
      {
        "id": "16",
        "blueOrder": "0",
        "exp": "0",
        "gp": "0"
      },
      {
        "id": "17",
        "blueOrder": "0",
        "exp": "0",
        "gp": "0"
      }
    ],
    "#text": [
      " ;Missão Tutorial
	",
      " ;Missão Tutorial dos Dinossauros
	",
      " ;Missão Tutorial dos Sobreviventes
	",
      " ;Missão de Assalto
	",
      " ;Missão de Apoio
	",
      " ;Missão de Invasão
	",
      " ;Missão de Defesa
	",
      " ;Missão de Explosão
	",
      " ;Missão de Supressão
	",
      " ;Missão Forças Especiais
	",
      " ;Missão Total
	",
      " ;Missão Dinossauro
	",
      " ;Missão Sobreviventes
	",
      " ;Missão Dinossauro  Nível 2
	",
      " ;Missão Sobrevivente  Nível 2
"
    ]
}