﻿<?xml version="1.0" encoding="utf-8" ?>
<list count="19"> ;Caixa Sakura
<item index="0" id="100003251" count="5184000" equip="1" percent="20" special="false"/> ;AUG A3 Sakura 60D
<item index="1" id="100003251" count="2592000" equip="1" percent="35" special="false"/> ;AUG A3 Sakura 30D
<item index="2" id="100003251" count="604800" equip="1" percent="65" special="false"/> ;AUG A3 Sakura 7D
<item index="3" id="100003251" count="259200" equip="1" percent="100" special="false"/> ;AUG A3 Sakura 3D
<item index="4" id="300005148" count="5184000" equip="1" percent="20" special="false"/> ;Cheytac M200 Sakura 60D
<item index="5" id="300005148" count="2592000" equip="1" percent="35" special="false"/> ;Cheytac M200 Sakura 30D
<item index="6" id="300005148" count="604800" equip="1" percent="65" special="false"/> ;Cheytac M200 Sakura 7D
<item index="7" id="300005148" count="259200" equip="1" percent="100" special="false"/> ;Cheytac M200 Sakura 3D
<item index="8" id="100003252" count="5184000" equip="1" percent="20" special="false"/> ;AK SOPMOD Sakura 60D
<item index="9" id="100003252" count="2592000" equip="1" percent="35" special="false"/> ;AK SOPMOD Sakura 30D
<item index="10" id="100003252" count="604800" equip="1" percent="65" special="false"/> ;AK SOPMOD Sakura 7D
<item index="11" id="100003252" count="259200" equip="1" percent="100" special="false"/> ;AK SOPMOD Sakura 3D
<item index="12" id="200004115" count="5184000" equip="1" percent="20" special="false"/> ;Kriss S.V Sakura 60D
<item index="13" id="200004115" count="2592000" equip="1" percent="35" special="false"/> ;Kriss S.V Sakura 30D
<item index="14" id="200004115" count="604800" equip="1" percent="65" special="false"/> ;Kriss S.V Sakura 7D
<item index="15" id="200004115" count="259200" equip="1" percent="100" special="false"/> ;Kriss S.V Sakura 3D
<item index="16" id="601002082" count="5184000" equip="1" percent="20" special="false"/> ;C. Python Sakura 60D
<item index="17" id="601002082" count="2592000" equip="1" percent="35" special="false"/> ;C. Python Sakura 30D
<item index="18" id="601002082" count="604800" equip="1" percent="65" special="false"/> ;C. Python Sakura 7D
<item index="19" id="601002082" count="259200" equip="1" percent="100" special="false"/> ;C. Python Sakura 3D
</list>