﻿<?xml version="1.0" encoding="utf-8" ?>
<list count="15"> ;Caixa Camo Soldier
<item index="0" id="100003228" count="7776000" equip="1" percent="10" special="false"/> ;AUG A3 Camo Soldier 90D
<item index="0" id="601002074" count="7776000" equip="1" percent="10" special="false"/> ;Kriss Vector SDP Camo Soldier 90D
<item index="1" id="100003228" count="2592000" equip="1" percent="17" special="false"/> ;AUG A3 Camo Soldier 30D
<item index="1" id="601002074" count="2592000" equip="1" percent="17" special="false"/> ;Kriss Vector SDP Camo Soldier 30D
<item index="2" id="100003228" count="604800" equip="1" percent="60" special="false"/> ;AUG A3 Camo Soldier 7D
<item index="2" id="601002074" count="604800" equip="1" percent="60" special="false"/> ;Kriss Vector SDP Camo Soldier 7D
<item index="3" id="100003228" count="86400" equip="1" percent="100" special="false"/> ;AUG A3 Camo Soldier 1D
<item index="3" id="601002074" count="86400" equip="1" percent="100" special="false"/> ;Kriss Vector SDP Camo Soldier 1D

<item index="4" id="300005128" count="7776000" equip="1" percent="10" special="false"/> ;Rangemaster .338 Camo Soldier 90D
<item index="4" id="1105003013" count="7776000" equip="1" percent="10" special="false"/> ;Chapéu Camo Soldier 90D
<item index="5" id="300005128" count="2592000" equip="1" percent="17" special="false"/> ;Rangemaster .338 Camo Soldier 30D
<item index="5" id="1105003013" count="2592000" equip="1" percent="17" special="false"/> ;Chapéu Camo Soldier 30D
<item index="6" id="300005128" count="604800" equip="1" percent="60" special="false"/> ;Rangemaster .338 Camo Soldier 7D
<item index="6" id="1105003013" count="604800" equip="1" percent="60" special="false"/> ;Chapéu Camo Soldier 7D
<item index="7" id="300005128" count="86400" equip="1" percent="100" special="false"/> ;Rangemaster .338 Camo Soldier 1D
<item index="7" id="1105003013" count="86400" equip="1" percent="100" special="false"/> ;Chapéu Camo Soldier 1D

<item index="8" id="200004234" count="7776000" equip="1" percent="10" special="false"/> ;P90 M.C Camo Soldier 90D
<item index="8" id="702015010" count="7776000" equip="1" percent="10" special="false"/> ;Faca de Osso Camo Soldier 90D
<item index="9" id="200004234" count="2592000" equip="1" percent="17" special="false"/> ;P90 M.C Camo Soldier 30D
<item index="9" id="702015010" count="2592000" equip="1" percent="17" special="false"/> ;Faca de Osso Camo Soldier 30D
<item index="10" id="200004234" count="604800" equip="1" percent="60" special="false"/> ;P90 M.C Camo Soldier 7D
<item index="10" id="702015010" count="604800" equip="1" percent="60" special="false"/> ;Faca de Osso Camo Soldier 7D
<item index="11" id="200004234" count="86400" equip="1" percent="100" special="false"/> ;P90 M.C Camo Soldier 1D
<item index="11" id="702015010" count="86400" equip="1" percent="100" special="false"/> ;Faca de Osso Camo Soldier 1D

<item index="12" id="100003229" count="7776000" equip="1" percent="10" special="false"/> ;G36C Camo Soldier 90D
<item index="12" id="1105003013" count="7776000" equip="1" percent="10" special="false"/> ;Chapéu Camo Soldier 90D
<item index="13" id="100003229" count="2592000" equip="1" percent="17" special="false"/> ;G36C Camo Soldier 30D
<item index="13" id="1105003013" count="2592000" equip="1" percent="17" special="false"/> ;Chapéu Camo Soldier 30D
<item index="14" id="100003229" count="604800" equip="1" percent="60" special="false"/> ;G36C Camo Soldier 7D
<item index="14" id="1105003013" count="604800" equip="1" percent="60" special="false"/> ;Chapéu Camo Soldier 7D
<item index="15" id="100003229" count="86400" equip="1" percent="100" special="false"/> ;G36C Camo Soldier 1D
<item index="15" id="1105003013" count="86400" equip="1" percent="100" special="false"/> ;Chapéu Camo Soldier 1D
</list>