﻿<?xml version="1.0" encoding="utf-8" ?>
<list count="20"> ;Caixa Dolphin
<item index="0" id="100003275" count="5184000" equip="1" percent="30" special="false"/>     ;AUG A3 Dolphin 60D
<item index="1" id="300005168" count="5184000" equip="1" percent="30" special="false"/>     ;Cheytac Dolphin 60D
<item index="2" id="200004291" count="5184000" equip="1" percent="30" special="false"/>     ;P90 Ext. Dolphin 60D
<item index="3" id="200004289" count="5184000" equip="1" percent="30" special="false"/>    ;Kriss S.V Dolphin 60D
<item index="4" id="100003276" count="5184000" equip="1" percent="15" special="false"/>     ;SC-2010 Dolphin 60D
<item index="5" id="300005169" count="5184000" equip="1" percent="30" special="false"/>     ;L115A1 Dolphin 60D
<item index="6" id="400006072" count="5184000" equip="1" percent="30" special="false"/>     ;M1887 Dolphin 60D
<item index="7" id="100003275" count="2592000" equip="1" percent="45" special="false"/>    ;AUG A3 Dolphin 30D
<item index="8" id="300005168" count="2592000" equip="1" percent="45" special="false"/>     ;Cheytac Dolphin 30D
<item index="9" id="200004291" count="2592000" equip="1" percent="45" special="false"/>     ;P90 Ext. Dolphin 30D
<item index="10" id="200004289" count="2592000" equip="1" percent="45" special="false"/>    ;Kriss S.V Dolphin 30D
<item index="11" id="100003276" count="2592000" equip="1" percent="20" special="false"/>   ;SC-2010 Dolphin 30D
<item index="12" id="300005169" count="2592000" equip="1" percent="45" special="false"/>    ;L115A1 Dolphin 30D
<item index="13" id="400006072" count="2592000" equip="1" percent="45" special="false"/>    ;M1887 Dolphin 30D
<item index="14" id="100003275" count="604800" equip="1" percent="75" special="false"/>     ;AUG A3 Dolphin 7D
<item index="15" id="300005168" count="604800" equip="1" percent="75" special="false"/>    ;Cheytac Dolphin 7D
<item index="16" id="200004291" count="604800" equip="1" percent="75" special="false"/>     ;P90 Ext. Dolphin 7D
<item index="17" id="200004289" count="604800" equip="1" percent="75" special="false"/>     ;Kriss S.V Dolphin 7D
<item index="18" id="100003276" count="604800" equip="1" percent="25" special="false"/>     ;SC-2010 Dolphin 7D
<item index="19" id="300005169" count="604800" equip="1" percent="75" special="false"/>    ;L115A1 Dolphin 7D
<item index="20" id="400006072" count="604800" equip="1" percent="75" special="false"/>     ;M1887 Dolphin 7D
<item index="21" id="100003275" count="259200" equip="1" percent="100" special="false"/>    ;AUG A3 Dolphin 3D
<item index="22" id="300005168" count="259200" equip="1" percent="100" special="false"/>     ;Cheytac Dolphin 3D
<item index="23" id="200004291" count="259200" equip="1" percent="100" special="false"/>     ;P90 Ext. Dolphin 3D
<item index="24" id="200004289" count="259200" equip="1" percent="100" special="false"/>     ;Kriss S.V Dolphin 3D
<item index="25" id="100003276" count="259200" equip="1" percent="30" special="false"/>    ;SC-2010 Dolphin 3D
<item index="26" id="300005169" count="259200" equip="1" percent="100" special="false"/>     ;L115A1 Dolphin 3D
<item index="27" id="400006072" count="259200" equip="1" percent="100" special="false"/>     ;M1887 Dolphin 3D
<item index="28" id="702001140" count="15552000" equip="1" percent="30" special="true"/>    ;Mini Axe Poison 180D
</list>