﻿<?xml version="1.0" encoding="utf-8" ?>
<list count="27"> ;Everyday Login Box
<item index="0" id="100003063" count="86400" equip="1" percent="100" special="false"/> ;AUG A3 E-Sport 1d
<item index="1" id="200004159" count="86400" equip="1" percent="70" special="false"/> ;OA-93 1d
<item index="2" id="300005030" count="100" equip="1" percent="80" special="false"/> ;Cheytac 100u/1d
<item index="3" id="400006041" count="86400" equip="1" percent="90" special="false"/> ;M1887 Lion Hearth 1d
<item index="4" id="300005072" count="100" equip="1" percent="80" special="false"/> ;Walther WA2000 100u/1d
<item index="5" id="200004022" count="86400" equip="1" percent="95" special="false"/> ;MP7 SL 1d
<item index="6" id="400006006" count="86400" equip="1" percent="95" special="false"/> ;SPAS-15 Sl 1d
<item index="7" id="100003086" count="86400" equip="1" percent="90" special="false"/> ;AK-47 Goddess 1d
<item index="8" id="601002013" count="86400" equip="1" percent="100" special="false"/> ;R.B 454 SS2M 1d
<item index="9" id="702023007" count="86400" equip="1" percent="90" special="false"/> ;Soco Inglês Ballock 1d
<item index="10" id="1006003045" count="86400" equip="1" percent="80" special="false"/> ;Reinforced sting 1d
<item index="11" id="803007035" count="86400" equip="1" percent="100" special="false"/> ;Mina M-14 1d
<item index="12" id="1104003007" count="86400" equip="1" percent="80" special="false"/> ;Duas cores 1d
<item index="13" id="1104003008" count="86400" equip="1" percent="80" special="false"/> ;Hockey Shot 1d
<item index="14" id="1102003003" count="86400" equip="1" percent="80" special="false"/> ;Capacete avançado plus 1d
<item index="15" id="904007013" count="86400" equip="1" percent="90" special="false"/> ;Flash Bang Plus 1d
<item index="16" id="1300029001" count="1" equip="1" percent="80" special="false"/> ;Invulnerabilidade 1d
<item index="17" id="1300007001" count="1" equip="1" percent="80" special="false"/> ;30% respawn 1d
<item index="18" id="1300014001" count="1" equip="1" percent="80" special="false"/> ;Cor da mira 1d
<item index="19" id="1300037001" count="1" equip="1" percent="60" special="false"/> ;Experiência 100% 1d
<item index="20" id="1300038001" count="1" equip="1" percent="60" special="false"/> ;Bônus Gold 100% 1d
<item index="21" id="1300003001" count="1" equip="1" percent="80" special="false"/> ;Experiência 50% 1d
<item index="22" id="1300119001" count="1" equip="1" percent="20" special="false"/> ;Bônus Gold 50% 1d
<item index="23" id="0" count="500" equip="21" percent="100" special="false"/> ;Gold 500
<item index="24" id="0" count="1000" equip="21" percent="90" special="false"/> ;Gold 1,000
<item index="25" id="0" count="2000" equip="21" percent="80" special="false"/> ;Gold 2,000
<item index="26" id="0" count="5000" equip="21" percent="70" special="false"/> ;Gold 5,000
<item index="27" id="0" count="10000" equip="21" percent="60" special="false"/> ;Gold 10,000
</list>