﻿<?xml version="1.0" encoding="utf-8" ?>
<list count="14"> ;Caixa Especial PBIC
<item index="0" id="100003219" count="2592000" equip="1" percent="100" special="false"/>     ;AUG A3 PBIC 2015 30D
<item index="0" id="601002070" count="2592000" equip="1" percent="100" special="false"/>     ;RB.454 SS8M PBIC 2015 30D

<item index="1" id="300005120" count="2592000" equip="1" percent="100" special="false"/>     ;Cheytac M200 PBIC 2015 30D
<item index="1" id="601002070" count="2592000" equip="1" percent="100" special="false"/>     ;RB.454 SS8M PBIC 2015 30D

<item index="2" id="200004218" count="2592000" equip="1" percent="100" special="false"/>     ;P90 Ext. PBIC 2015 30D
<item index="2" id="702001104" count="2592000" equip="1" percent="100" special="false"/>     ;Keris PBIC 2015 30D

<item index="3" id="200004216" count="2592000" equip="1" percent="80" special="false"/>     ;Kriss SV PBIC 2015 30D
<item index="3" id="1104003209" count="2592000" equip="1" percent="80" special="false"/>     ;Máscara PBIC 2015 Premium 30D

<item index="4" id="400006058" count="2592000" equip="1" percent="100" special="false"/>     ;M1887 PBIC 2015 30D
<item index="4" id="1104003210" count="2592000" equip="1" percent="100" special="false"/>     ;Máscara PBIC 2015 Básica 30D

<item index="5" id="100003159" count="2592000" equip="1" percent="65" special="false"/>     ;Aug A3 PBIC 2014 30D
<item index="5" id="1104003182" count="2592000" equip="1" percent="65" special="false"/>     ;Máscara PBIC 2014 30D

<item index="6" id="300005087" count="2592000" equip="1" percent="65" special="false"/>    ;Cheytac M200 PBIC 2014 30D
<item index="6" id="1104003182" count="2592000" equip="1" percent="65" special="false"/>    ;Máscara PBIC 2014 30D

<item index="7" id="200004146" count="2592000" equip="1" percent="65" special="false"/>    ;P90 Ext. PBIC 2014 30D
<item index="7" id="1104003182" count="2592000" equip="1" percent="65" special="false"/>    ;Máscara PBIC 2014 30D

<item index="8" id="400006038" count="2592000" equip="1" percent="65" special="false"/>     ;M1887 PBIC 2014 30D
<item index="8" id="1104003182" count="2592000" equip="1" percent="65" special="false"/>     ;Máscara PBIC 2014 30D

<item index="9" id="100003120" count="2592000" equip="1" percent="45" special="false"/>     ;Aug A3 PBIC 2013 30D
<item index="9" id="1104003129" count="2592000" equip="1" percent="45" special="false"/>     ;Máscara PBIC 2013 30D

<item index="10" id="200004103" count="2592000" equip="1" percent="45" special="false"/>     ;Kriss SV PBIC 2013 30D
<item index="10" id="1104003129" count="2592000" equip="1" percent="45" special="false"/>     ;Máscara PBIC 2013 30D

<item index="11" id="100003121" count="2592000" equip="1" percent="45" special="false"/>    ;M4A1 PBIC 2013 30D
<item index="11" id="1104003129" count="2592000" equip="1" percent="45" special="false"/>    ;Máscara PBIC 2013 30D

<item index="12" id="100003122" count="2592000" equip="1" percent="45" special="false"/>    ;AK-47 PBIC 2013 30D
<item index="12" id="1104003129" count="2592000" equip="1" percent="45" special="false"/>    ;Máscara PBIC 2013 30D

<item index="13" id="100003071" count="2592000" equip="1" percent="30" special="false"/>     ;Aug A3 PBIC 2012 30D
<item index="13" id="1104003107" count="2592000" equip="1" percent="30" special="false"/>     ;Máscara PBIC 2012 30D

<item index="14" id="400006080" count="2592000" equip="1" percent="30" special="false"/>     ;Kriss PBIC 2012 30D
<item index="14" id="1104003107" count="2592000" equip="1" percent="30" special="false"/>     ;Máscara PBIC 2012 30D
</list>