﻿<?xml version="1.0" encoding="utf-8" ?>
<list count="20"> ;Caixa Monkey
<item index="0" id="100003243" count="7776000" equip="1" percent="30" special="false"/>     ;AUG A3 Monkey 90D
<item index="1" id="300005140" count="7776000" equip="1" percent="30" special="false"/>     ;Cheytac M200 Monkey 90D
<item index="2" id="200004253" count="7776000" equip="1" percent="30" special="false"/>     ;Kriss S.V. Monkey 90D
<item index="3" id="100003243" count="2592000" equip="1" percent="45" special="false"/>    ;AUG A3 Monkey 30D
<item index="3" id="1300017030" count="1" equip="1" percent="45" special="false"/>    ;Receber Drop 30D
<item index="4" id="300005140" count="2592000" equip="1" percent="45" special="false"/>     ;Cheytac M200 Monkey 30D
<item index="4" id="1300031030" count="1" equip="1" percent="45" special="false"/>     ;Bala de Ferro 30D
<item index="5" id="200004253" count="2592000" equip="1" percent="45" special="false"/>     ;Kriss S.V. Monkey 30D
<item index="5" id="1300036030" count="1" equip="1" percent="45" special="false"/>     ;Munição Hollow Point Fortificada 30D
<item index="6" id="100003243" count="604800" equip="1" percent="60" special="false"/>     ;AUG A3 Monkey 7D
<item index="6" id="1300017007" count="1" equip="1" percent="60" special="false"/>     ;Receber Drop 7D
<item index="7" id="300005140" count="604800" equip="1" percent="60" special="false"/>    ;Cheytac M200 Monkey 7D
<item index="7" id="1300031003" count="1" equip="1" percent="60" special="false"/>    ;Bala de Ferro 3D
<item index="8" id="200004253" count="604800" equip="1" percent="60" special="false"/>     ;Kriss S.V. Monkey 7D
<item index="8" id="1300036007" count="1" equip="1" percent="60" special="false"/>     ;Munição Hollow Point Fortificada 7D
<item index="9" id="100003243" count="259200" equip="1" percent="85" special="false"/>     ;AUG A3 Monkey 3D
<item index="9" id="1300017003" count="1" equip="1" percent="85" special="false"/>     ;Receber Drop 3D
<item index="10" id="300005140" count="259200" equip="1" percent="85" special="false"/>    ;Cheytac M200 Monkey 3D
<item index="10" id="1300031003" count="1" equip="1" percent="85" special="false"/>    ;Bala de Ferro 3D
<item index="11" id="200004253" count="259200" equip="1" percent="85" special="false"/>   ;Kriss S.V. Monkey 3D
<item index="11" id="1300036003" count="1" equip="1" percent="85" special="false"/>   ;Munição Hollow Point Fortificada 3D
<item index="12" id="100003243" count="86400" equip="1" percent="85" special="false"/>    ;AUG A3 Monkey 1D
<item index="12" id="1300017003" count="1" equip="1" percent="85" special="false"/>    ;Receber Drop 3D
<item index="13" id="300005140" count="86400" equip="1" percent="85" special="false"/>    ;Cheytac M200 Monkey 1D
<item index="13" id="1300031003" count="1" equip="1" percent="85" special="false"/>    ;Bala de Ferro 3D
<item index="14" id="200004253" count="86400" equip="1" percent="85" special="false"/>     ;Kriss S.V. Monkey 1D
<item index="14" id="1300036003" count="1" equip="1" percent="85" special="false"/>     ;Munição Hollow Point Fortificada 3D
<item index="15" id="100003243" count="86400" equip="1" percent="100" special="false"/>    ;AUG A3 Monkey 1D
<item index="15" id="1300017001" count="1" equip="1" percent="100" special="false"/>    ;Receber Drop 1D
<item index="16" id="300005140" count="86400" equip="1" percent="100" special="false"/>     ;Cheytac M200 Monkey 1D
<item index="16" id="1300031001" count="1" equip="1" percent="100" special="false"/>     ;Bala de Ferro 1D
<item index="17" id="200004253" count="86400" equip="1" percent="100" special="false"/>     ;Kriss S.V. Monkey 1D
<item index="17" id="1300036001" count="1" equip="1" percent="100" special="false"/>     ;Munição Hollow Point Fortificada 1D
<item index="18" id="1105003016" count="86400" equip="1" percent="100" special="false"/>     ;Mask Monkey 1D
<item index="18" id="1300017001" count="1" equip="1" percent="100" special="false"/>     ;Receber Drop 1D
<item index="19" id="1105003016" count="86400" equip="1" percent="100" special="false"/>     ;Mask Monkey 1D
<item index="19" id="1300031001" count="1" equip="1" percent="100" special="false"/>     ;Bala de Ferro 1D
<item index="20" id="1105003016" count="86400" equip="1" percent="100" special="false"/>     ;Mask Monkey 1D
<item index="20" id="1300036001" count="1" equip="1" percent="100" special="false"/>     ;Munição Hollow Point Fortificada 1D
</list>