<?xml version="1.0" encoding="utf-8" ?>
<list count="6"> ;Caixa Inferno
<item index="1" id="100003147" count="604800" equip="1" percent="45" special="false"/> ;AUG A3 Inferno 7D
<item index="6" id="100003147" count="259200" equip="1" percent="100" special="false"/> ;AUG A3 Inferno 3D

<item index="3" id="200004126" count="604800" equip="1" percent="45" special="false"/> ;Kriss S.V Inferno 7D
<item index="8" id="200004126" count="259200" equip="1" percent="100" special="false"/> ;Kriss S.V Inferno 3D

<item index="4" id="200004128" count="604800" equip="1" percent="45" special="false"/> ;P90 Inferno 7D
<item index="9" id="200004128" count="259200" equip="1" percent="100" special="false"/> ;P90 Inferno 3D

<item index="2" id="300005079" count="604800" equip="1" percent="45" special="false"/> ;Cheytac M200 Inferno 7D
<item index="7" id="300005079" count="259200" equip="1" percent="100" special="false"/> ;Cheytac M200 Inferno 3D

<item index="5" id="702001057" count="604800" equip="1" percent="45" special="false"/> 	;Fang Blade Inferno 7D
<item index="10" id="702001057" count="259200" equip="1" percent="100" special="false"/> ;Fang Blade Inferno 3D

<item index="0" id="300005232" count="2592000" equip="1" percent="20" special="true"/> ;Barret M82A1 Premium 30D
</list>