<?xml version="1.0" encoding="utf-8" ?>
<list count="15"> ;Caixa W.O.E

<item index="10" id="100003158" count="2592000" equip="1" percent="40" special="false"/> ;AUG A3 W.O.E 30D
<item index="1" id="100003158" count="604800" equip="1" percent="80" special="false"/> ;AUG A3 W.O.E 7D
<item index="0" id="100003158" count="259200" equip="1" percent="100" special="false"/> ;AUG A3 W.O.E 3D

<item index="13" id="200004144" count="2592000" equip="1" percent="40" special="false"/> ;KrissSuperV W.O.E 30D
<item index="12" id="200004144" count="604800" equip="1" percent="80" special="false"/> ;KrissSuperV W.O.E 7D
<item index="11" id="200004144" count="259200" equip="1" percent="100" special="false"/> ;KrissSuperV W.O.E 3D

<item index="2" id="300005085" count="2592000" equip="1" percent="40" special="false"/> ;Dragunov W.O.E 30D
<item index="15" id="300005085" count="604800" equip="1" percent="80" special="false"/> ;Dragunov W.O.E 7D
<item index="14" id="300005085" count="259200" equip="1" percent="100" special="false"/> ;Dragunov W.O.E 3D

<item index="5" id="300005086" count="2592000" equip="1" percent="40" special="false"/> ;Cheytac M200 W.O.E 30D
<item index="4" id="300005086" count="604800" equip="1" percent="80" special="false"/> ;Cheytac M200 W.O.E 7D
<item index="3" id="300005086" count="259200" equip="1" percent="100" special="false"/> ;Cheytac M200 W.O.E 3D

<item index="6" id="100003158" count="259200" equip="1" percent="60" special="false"/> ;AUG A3 W.O.E + Hide Commando 3D
<item index="6" id="1001002056" count="259200" equip="1" percent="60" special="false"/> ;Hide Commando

<item index="7" id="200004144" count="259200" equip="1" percent="60" special="false"/> ;KrissSuperV W.O.E + Viper Red Commando 3D
<item index="7" id="1001001055" count="259200" equip="1" percent="60" special="false"/> ;Viper Red Commando

<item index="8" id="300005085" count="259200" equip="1" percent="60" special="false"/> ;Cheytac M200 W.O.E + Recarregamento Rapido 3D
<item index="8" id="1300027003" count="1" equip="1" percent="60" special="false"/> ;Recarregamento Rapido

<item index="9" id="702001235" count="15552000" equip="1" percent="20" special="true"/> ;Butterfly Vittoria 180D
</list>