﻿<?xml version="1.0" encoding="utf-8" ?>
<list count="17"> ;Mega Bomb
<item index="0" id="0" count="1000" equip="21" percent="100" special="false"/> ;1000 Gold de presente
<item index="1" id="0" count="3000" equip="21" percent="70" special="false"/> ;3000 Gold de presente
<item index="2" id="0" count="5000" equip="21" percent="60" special="false"/> ;5000 Gold de presente
<item index="3" id="0" count="7000" equip="21" percent="50" special="false"/> ;7000 Gold de presente
<item index="4" id="0" count="10000" equip="21" percent="40" special="false"/> ;10000 Gold de presente
<item index="5" id="1300014001" count="1" equip="1" percent="70" special="false"/> ;Mira colorida 1d
<item index="6" id="1102003002" count="500" equip="1" percent="70" special="false"/> ;Capacete Comum 1 dia
<item index="7" id="1102003007" count="86400" equip="1" percent="70" special="false"/> ;Capacete Fortificado 1 dia
<item index="8" id="904007003" count="100" equip="1" percent="70" special="false"/> ;FlashBang 100u/1d
<item index="9" id="1300002001" count="1" equip="1" percent="70" special="false"/> ;Experiência 30% 1 dia
<item index="10" id="1300004001" count="1" equip="1" percent="70" special="false"/> ;Gold 30% 1 dia
<item index="11" id="1300002001" count="1" equip="1" percent="70" special="false"/> ;(Exp)Experiência 30% 1 dia\nGold 30% 1 dia
<item index="11" id="1300004001" count="1" equip="1" percent="70" special="false"/> ;(Gold)Experiência 30% 1 dia\nGold 30% 1 dia
<item index="12" id="200004014" count="86400" equip="1" percent="70" special="false"/> ;MP5K Silver 1 dia
<item index="13" id="100003019" count="86400" equip="1" percent="70" special="false"/> ;SG550 Silver 1 dia
<item index="14" id="300005008" count="86400" equip="1" percent="70" special="false"/> ;SSG 69 Silver 1 dia
<item index="15" id="100003021" count="86400" equip="1" percent="70" special="false"/> ;M4A1 Silver 1 dia
<item index="16" id="300005009" count="86400" equip="1" percent="70" special="false"/> ;PSG-1 Silver 1 dia
<item index="17" id="0" count="100000" equip="21" percent="30" special="false"/> ;100000 Gold de presente
</list>