﻿<?xml version="1.0" encoding="utf-8" ?>
<list count="16"> ;Caixa GSL2016
<item index="0" id="100003258" count="5184000" equip="1" percent="30" special="false"/>     ;AUG A3 GSL2016 60D
<item index="0" id="601002084" count="5184000" equip="1" percent="30" special="false"/>     ;C. Python GSL2016 60D
<item index="1" id="200004263" count="5184000" equip="1" percent="30" special="false"/>     ;Kriss S.V GSL2016 60D
<item index="1" id="601002084" count="5184000" equip="1" percent="30" special="false"/>     ;C. Python GSL2016 60D
<item index="2" id="300005153" count="5184000" equip="1" percent="30" special="false"/>     ;Cheytac M200 GSL2016 60D
<item index="2" id="601002084" count="5184000" equip="1" percent="30" special="false"/>     ;C. Python GSL2016 60D
<item index="3" id="300005154" count="5184000" equip="1" percent="30" special="false"/>    ;Tactilite T2 GSL2016 60D
<item index="3" id="601002084" count="5184000" equip="1" percent="30" special="false"/>    ;C. Python GSL2016 60D
<item index="4" id="100003258" count="2592000" equip="1" percent="45" special="false"/>     ;AUG A3 GSL2016 30D
<item index="4" id="601002084" count="2592000" equip="1" percent="45" special="false"/>     ;C. Python GSL2016 30D
<item index="5" id="200004263" count="2592000" equip="1" percent="45" special="false"/>     ;Kriss S.V GSL2016 30D
<item index="5" id="601002084" count="2592000" equip="1" percent="45" special="false"/>     ;C. Python GSL2016 30D
<item index="6" id="300005153" count="2592000" equip="1" percent="45" special="false"/>     ;Cheytac M200 GSL2016 30D
<item index="6" id="601002084" count="2592000" equip="1" percent="45" special="false"/>     ;C. Python GSL2016 30D
<item index="7" id="300005154" count="2592000" equip="1" percent="45" special="false"/>    ;Tactilite T2 GSL2016 30D
<item index="7" id="601002084" count="2592000" equip="1" percent="45" special="false"/>    ;C. Python GSL2016 30D
<item index="8" id="100003258" count="604800" equip="1" percent="75" special="false"/>     ;AUG A3 GSL2016 7D
<item index="9" id="200004263" count="604800" equip="1" percent="75" special="false"/>     ;Kriss S.V GSL2016 7D
<item index="10" id="300005153" count="604800" equip="1" percent="75" special="false"/>    ;Cheytac M200 GSL2016 7D
<item index="11" id="300005154" count="604800" equip="1" percent="75" special="false"/>   ;Tactilite T2 GSL2016 7D
<item index="12" id="100003258" count="259200" equip="1" percent="100" special="false"/>    ;AUG A3 GSL2016 3D
<item index="13" id="200004263" count="259200" equip="1" percent="100" special="false"/>    ;Kriss S.V GSL2016 3D
<item index="14" id="300005153" count="259200" equip="1" percent="100" special="false"/>     ;Cheytac M200 GSL2016 3D
<item index="15" id="300005154" count="259200" equip="1" percent="100" special="false"/>    ;Tactilite T2 GSL2016 3D
<item index="16" id="702001149" count="15552000" equip="1" percent="30" special="true"/>     ;Fang Blade Alien 180D
</list>