﻿<?xml version="1.0" encoding="utf-8" ?>
<list count="15"> ;Caixa Mummy
<item index="0" id="100003267" count="5184000" equip="1" percent="10" special="false"/> ;AUG A3 Mummy 60D
<item index="0" id="702001139" count="5184000" equip="1" percent="10" special="false"/> ;Amok Kukri Mummy 60D
<item index="1" id="100003267" count="2592000" equip="1" percent="17" special="false"/> ;AUG A3 Mummy 30D
<item index="1" id="702001139" count="2592000" equip="1" percent="17" special="false"/> ;Amok Kukri Mummy 30D
<item index="2" id="100003267" count="604800" equip="1" percent="55" special="false"/> ;AUG A3 Mummy 7D
<item index="2" id="702001139" count="604800" equip="1" percent="55" special="false"/> ;Amok Kukri Mummy 7D
<item index="3" id="100003267" count="259200" equip="1" percent="100" special="false"/> ;AUG A3 Mummy 3D
<item index="3" id="702001139" count="259200" equip="1" percent="100" special="false"/> ;Amok Kukri Mummy 3D

<item index="4" id="200004278" count="5184000" equip="1" percent="10" special="false"/> ;Kriss S.V Mummy 60D
<item index="4" id="803007057" count="5184000" equip="1" percent="10" special="false"/> ;Mummy Grenade 60D
<item index="5" id="200004278" count="2592000" equip="1" percent="17" special="false"/> ;Kriss S.V Mummy 30D
<item index="5" id="803007057" count="2592000" equip="1" percent="17" special="false"/> ;Mummy Grenade 30D
<item index="6" id="200004278" count="604800" equip="1" percent="55" special="false"/> ;Kriss S.V Mummy 7D
<item index="6" id="803007057" count="604800" equip="1" percent="55" special="false"/> ;Mummy Grenade 7D
<item index="7" id="200004278" count="259200" equip="1" percent="100" special="false"/> ;Kriss S.V Mummy 3D
<item index="7" id="803007057" count="259200" equip="1" percent="100" special="false"/> ;Mummy Grenade 3D

<item index="8" id="601002088" count="5184000" equip="1" percent="10" special="false"/> ;Glock 18 Mummy 60D
<item index="8" id="1104003234" count="5184000" equip="1" percent="10" special="false"/> ;Mummy Mask 60D
<item index="9" id="601002088" count="2592000" equip="1" percent="17" special="false"/> ;Glock 18 Mummy 30D
<item index="9" id="1104003234" count="2592000" equip="1" percent="17" special="false"/> ;Mummy Mask 30D
<item index="10" id="601002088" count="604800" equip="1" percent="55" special="false"/> ;Glock 18 Mummy 7D
<item index="10" id="1104003234" count="604800" equip="1" percent="55" special="false"/> ;Mummy Mask 7D
<item index="11" id="601002088" count="259200" equip="1" percent="100" special="false"/> ;Glock 18 Mummy 3D
<item index="11" id="1104003234" count="259200" equip="1" percent="100" special="false"/> ;Mummy Mask 3D

<item index="12" id="500010014" count="5184000" equip="1" percent="20" special="false"/> ;Ultimax 100 Mummy 60D
<item index="13" id="500010014" count="2592000" equip="1" percent="35" special="false"/> ;Ultimax 100 Mummy 30D
<item index="14" id="500010014" count="604800" equip="1" percent="55" special="false"/> ;Ultimax 100 Mummy 7D
<item index="15" id="500010014" count="259200" equip="1" percent="100" special="false"/> ;Ultimax 100 Mummy 3D
</list>