﻿<?xml version="1.0" encoding="utf-8" ?>
<list count="19"> ;Caixa PBWC2016
<item index="0" id="100003266" count="5184000" equip="1" percent="20" special="false"/> ;AUG A3 PBWC2016 60D
<item index="0" id="803007056" count="5184000" equip="1" percent="20" special="false"/> ;C5 PBWC2016 60D
<item index="1" id="100003266" count="2592000" equip="1" percent="35" special="false"/> ;AUG A3 PBWC2016 30D
<item index="1" id="803007056" count="2592000" equip="1" percent="35" special="false"/> ;C5 PBWC2016 30D
<item index="2" id="100003266" count="604800" equip="1" percent="55" special="false"/> ;AUG A3 PBWC2016 7D
<item index="2" id="803007056" count="604800" equip="1" percent="55" special="false"/> ;C5 PBWC2016 7D
<item index="3" id="100003266" count="259200" equip="1" percent="100" special="false"/> ;AUG A3 PBWC2016 3D
<item index="3" id="803007056" count="259200" equip="1" percent="100" special="false"/> ;C5 PBWC2016 3D

<item index="4" id="300005163" count="5184000" equip="1" percent="20" special="false"/> ;Cheytac M200 PBWC2016 60D
<item index="4" id="601002087" count="5184000" equip="1" percent="20" special="false"/> ;C. Phyton PBWC2016 60D
<item index="5" id="300005163" count="2592000" equip="1" percent="35" special="false"/> ;Cheytac M200 PBWC2016 30D
<item index="5" id="601002087" count="2592000" equip="1" percent="35" special="false"/> ;C. Phyton PBWC2016 30D
<item index="6" id="300005163" count="604800" equip="1" percent="55" special="false"/> ;Cheytac M200 PBWC2016 7D
<item index="6" id="601002087" count="604800" equip="1" percent="55" special="false"/> ;C. Phyton PBWC2016 7D
<item index="7" id="300005163" count="259200" equip="1" percent="100" special="false"/> ;Cheytac M200 PBWC2016 3D
<item index="7" id="601002087" count="259200" equip="1" percent="100" special="false"/> ;C. Phyton PBWC2016 3D

<item index="8" id="200004273" count="5184000" equip="1" percent="20" special="false"/> ;OA-93 PBWC2016 60D
<item index="8" id="702001137" count="5184000" equip="1" percent="20" special="false"/> ;Amok Kukri PBWC2016 60D
<item index="9" id="200004273" count="2592000" equip="1" percent="35" special="false"/> ;OA-93 PBWC2016 30D
<item index="9" id="702001137" count="2592000" equip="1" percent="35" special="false"/> ;Amok Kukri PBWC2016 30D
<item index="10" id="200004273" count="604800" equip="1" percent="55" special="false"/> ;OA-93 PBWC2016 7D
<item index="10" id="702001137" count="604800" equip="1" percent="55" special="false"/> ;Amok Kukri PBWC2016 7D
<item index="11" id="200004273" count="259200" equip="1" percent="100" special="false"/> ;OA-93 PBWC2016 3D
<item index="11" id="702001137" count="259200" equip="1" percent="100" special="false"/> ;Amok Kukri PBWC2016 3D

<item index="12" id="200004277" count="5184000" equip="1" percent="20" special="false"/> ;P100 PBWC2016 60D
<item index="13" id="200004277" count="2592000" equip="1" percent="35" special="false"/> ;P100 PBWC2016 30D
<item index="14" id="200004277" count="604800" equip="1" percent="55" special="false"/> ;P100 PBWC2016 7D
<item index="15" id="200004277" count="259200" equip="1" percent="100" special="false"/> ;P100 PBWC2016 3D
<item index="16" id="200004275" count="5184000" equip="1" percent="20" special="false"/> ;Kriss S.V PBWC2016 60D
<item index="17" id="200004275" count="2592000" equip="1" percent="35" special="false"/> ;Kriss S.V PBWC2016 30D
<item index="18" id="200004275" count="604800" equip="1" percent="55" special="false"/> ;Kriss S.V PBWC2016 7D
<item index="19" id="200004275" count="259200" equip="1" percent="100" special="false"/> ;Kriss S.V PBWC2016 3D
</list>