﻿<?xml version="1.0" encoding="utf-8" ?>
<list count="26"> ;BR_Brazuca_Supply_Kit
<item index="0" id="100003195" count="2592000" equip="1" percent="35" special="false"/>     ;AUG_A3_BRAZIL 30D
<item index="0" id="200004200" count="2592000" equip="1" percent="35" special="false"/>     ;P90_MC_BRAZIL 30D
<item index="0" id="300005110" count="2592000" equip="1" percent="35" special="false"/>     ;CHEYTAC_M200_BRAZIL 30D
<item index="0" id="1103003017" count="2592000" equip="1" percent="35" special="false"/>     ;BeretBrazil 30D
<item index="0" id="702001093" count="2592000" equip="1" percent="35" special="false"/>     ;GH5007_BRAZIL 30D
<item index="1" id="100003362" count="2592000" equip="1" percent="36" special="false"/>     ;AUG_A3_BRAZUCA2 30D
<item index="1" id="100003363" count="2592000" equip="1" percent="36" special="false"/>     ;SC_2010_BRAZUCA2 30D
<item index="1" id="200004430" count="2592000" equip="1" percent="36" special="false"/>     ;P90_EXT_BRAZUCA2 30D
<item index="1" id="300005228" count="2592000" equip="1" percent="36" special="false"/>     ;L115A1_BRAZUCA2 30D
<item index="1" id="300005229" count="2592000" equip="1" percent="36" special="false"/>     ;CHEYTAC_M200_BRAZUCA2 30D
<item index="1" id="601002121" count="2592000" equip="1" percent="36" special="false"/>     ;LUGER_P08_BRAZUCA2 30D
<item index="1" id="1104003293" count="2592000" equip="1" percent="36" special="false"/>     ;Mask Brazuca2 30D
<item index="1" id="702001190" count="2592000" equip="1" percent="36" special="false"/>     ;BALLISTICBRAZUCA2 30D
<item index="2" id="100003155" count="2592000" equip="1" percent="38" special="false"/>     ;AUG_A3_BRAZUCA 30D
<item index="2" id="200004138" count="2592000" equip="1" percent="38" special="false"/>     ;P90_BRAZUCA 30D
<item index="2" id="200004139" count="2592000" equip="1" percent="38" special="false"/>     ;KRISSSUPERV_BRAZUCA 30D
<item index="2" id="300005083" count="2592000" equip="1" percent="38" special="false"/>     ;CHEYTAC_M200_BRAZUCA 30D
<item index="2" id="400006037" count="2592000" equip="1" percent="38" special="false"/>     ;M1887_BRAZUCA 30D
<item index="2" id="601002049" count="2592000" equip="1" percent="38" special="false"/>     ;COLT_PYTHON_BRAZUCA 30D
<item index="2" id="702001052" count="2592000" equip="1" percent="38" special="false"/>     ;FANG_BLADE_BRAZUCA 30D
<item index="3" id="100003474" count="2592000" equip="1" percent="39" special="false"/>     ;AUG_A3_BRAZUCA3 30D
<item index="3" id="100003475" count="2592000" equip="1" percent="39" special="false"/>     ;SC_2010_BRAZUCA3 30D
<item index="3" id="200004654" count="2592000" equip="1" percent="39" special="false"/>     ;P90_BRAZUCA3 30D
<item index="3" id="300005326" count="2592000" equip="1" percent="39" special="false"/>     ;CHEYTEC_2000_BRAZUCA3 30D
<item index="3" id="300005327" count="2592000" equip="1" percent="39" special="false"/>     ;TACTILITE_T2_BRAZUCA3 30D
<item index="3" id="702001246" count="2592000" equip="1" percent="39" special="false"/>     ;KARAMBIT_BRAZUCA3 30D


</list>