﻿<?xml version="1.0" encoding="utf-8" ?>
<list count="16"> ;Caixa Dragon
<item index="0" id="100003265" count="5184000" equip="1" percent="35" special="false"/> ;AUG A3 Dragon 60D
<item index="1" id="100003265" count="2592000" equip="1" percent="45" special="false"/> ;AUG A3 Dragon 30D
<item index="2" id="100003265" count="604800" equip="1" percent="55" special="false"/> ;AUG A3 Dragon 7D
<item index="3" id="100003265" count="259200" equip="1" percent="100" special="false"/> ;AUG A3 Dragon 3D
<item index="4" id="300005162" count="5184000" equip="1" percent="35" special="false"/> ;Tactilite T2 Dragon 60D
<item index="5" id="300005162" count="2592000" equip="1" percent="45" special="false"/> ;Tactilite T2 Dragon 30D
<item index="6" id="300005162" count="604800" equip="1" percent="55" special="false"/> ;Tactilite T2 Dragon 7D
<item index="7" id="300005162" count="259200" equip="1" percent="100" special="false"/> ;Tactilite T2 Dragon 3D
<item index="8" id="200004272" count="5184000" equip="1" percent="35" special="false"/> ;P90 EXT Dragon 60D
<item index="9" id="200004272" count="2592000" equip="1" percent="45" special="false"/> ;P90 EXT Dragon 30D
<item index="10" id="200004272" count="604800" equip="1" percent="55" special="false"/> ;P90 EXT Dragon 7D
<item index="11" id="200004272" count="259200" equip="1" percent="100" special="false"/> ;P90 EXT Dragon 3D
<item index="12" id="400006070" count="5184000" equip="1" percent="35" special="false"/> ;M1887 Dragon 60D
<item index="13" id="400006070" count="2592000" equip="1" percent="45" special="false"/> ;M1887 Dragon 30D
<item index="14" id="400006070" count="604800" equip="1" percent="55" special="false"/> ;M1887 Dragon 7D
<item index="15" id="400006070" count="259200" equip="1" percent="100" special="false"/> ;M1887 Dragon 3D
<item index="16" id="702001127" count="15552000" equip="1" percent="35" special="false"/> ;Fang Blade Sakura 180D
</list>