﻿<?xml version="1.0" encoding="utf-8" ?>
<list count="30"> ;Everyday Login Box Plus
<item index="0" id="300005090" count="604800" equip="1" percent="70" special="false"/> ;Cheytac M200 Tiger 7D
<item index="1" id="100003154" count="604800" equip="1" percent="50" special="false"/> ;SC-2010 Gold 7D
<item index="2" id="400006039" count="86400" equip="1" percent="100" special="false"/> ;UTS-15 1D
<item index="3" id="200004159" count="604800" equip="1" percent="50" special="false"/> ;OA-93 7D
<item index="4" id="300005090" count="86400" equip="1" percent="100" special="false"/> ;Cheytac M200 Tiger 1D
<item index="5" id="400006041" count="86400" equip="1" percent="100" special="false"/> ;M1887 Lion Heart 1D
<item index="6" id="100003154" count="86400" equip="1" percent="100" special="false"/> ;SC-2010 Gold 1D
<item index="7" id="200004159" count="86400" equip="1" percent="80" special="false"/> ;OA-93 1D
<item index="8" id="300005068" count="86400" equip="1" percent="60" special="false"/> ;XM2010 1D
<item index="9" id="100003123" count="86400" equip="1" percent="100" special="false"/> ;TAR-21 1D
<item index="10" id="400006039" count="86400" equip="1" percent="100" special="false"/> ;UTS-15 1D
<item index="11" id="500010011" count="86400" equip="1" percent="100" special="false"/> ;Ultimax 100 1D
<item index="12" id="601002023" count="100" equip="1" percent="100" special="false"/> ;IMI Uzi 9mm 1d
<item index="13" id="601002029" count="86400" equip="1" percent="75" special="false"/> ;GL-06 1D
<item index="14" id="1006003046" count="86400" equip="1" percent="90" special="false"/> ;Reinforced Acid 1D
<item index="15" id="803007009" count="100" equip="1" percent="100" special="false"/> ;Granada de Chocolate 1D
<item index="16" id="904007012" count="86400" equip="1" percent="100" special="false"/> ;WP Smoke Plus 1D
<item index="17" id="1104003039" count="86400" equip="1" percent="75" special="false"/> ;Máscara Demônio Vermelho 1D
<item index="18" id="1104003071" count="100" equip="1" percent="75" special="false"/> ;Crânio de Dinossauro 1D
<item index="19" id="702001021" count="86400" equip="1" percent="90" special="false"/> ;Keris 1D
<item index="20" id="1300032001" count="1" equip="1" percent="80" special="false"/> ;Munição Hollow Point 1D
<item index="21" id="1300036001" count="1" equip="1" percent="80" special="false"/> ;Munição Hollow Point Fortificada 1D
<item index="22" id="1300031001" count="1" equip="1" percent="80" special="false"/> ;Bala de Ferro EV 1D
<item index="23" id="1300037001" count="1" equip="1" percent="80" special="false"/> ;Experiência 100% 1D
<item index="24" id="1300038001" count="1" equip="1" percent="80" special="false"/> ;Bônus Gold 100% 1D
<item index="25" id="1300064001" count="1" equip="1" percent="80" special="false"/> ;50% Redução de Respawn 1D
<item index="26" id="1300011001" count="1" equip="1" percent="80" special="false"/> ;O bom perdedor 1D
<item index="27" id="0" count="2000" equip="21" percent="100" special="false"/> ;Bônus Gold 2,000
<item index="28" id="0" count="5000" equip="21" percent="90" special="false"/> ;Bônus Gold 5,000
<item index="29" id="0" count="10000" equip="21" percent="70" special="false"/> ;Bônus Gold 10,000
<item index="30" id="0" count="25000" equip="21" percent="50" special="false"/> ;Bônus Gold 25,000
</list>