﻿<?xml version="1.0" encoding="utf-8" ?>
<list count="20"> ;Caixa Alien
<item index="0" id="100003279" count="5184000" equip="1" percent="30" special="false"/>     ;AUG A3 Alien 60D
<item index="1" id="300005173" count="5184000" equip="1" percent="30" special="false"/>     ;Cheytac M200 Alien 60D
<item index="2" id="200004297" count="5184000" equip="1" percent="30" special="false"/>      ;P90 Ext Alien 60D
<item index="3" id="300005174" count="5184000" equip="1" percent="30" special="false"/>     ;L115A1 Alien 60D
<item index="4" id="200004298" count="5184000" equip="1" percent="30" special="false"/>     ;Kriss S.V Alien 60D
<item index="5" id="100003279" count="2592000" equip="1" percent="45" special="false"/>     ;AUG A3 Alien 30D
<item index="6" id="300005173" count="2592000" equip="1" percent="45" special="false"/>      ;Cheytac M200 Alien 30D
<item index="7" id="200004297" count="2592000" equip="1" percent="45" special="false"/>     ;P90 Ext Alien 30D
<item index="8" id="300005174" count="2592000" equip="1" percent="45" special="false"/>     ;L115A1 Alien 30D
<item index="9" id="200004298" count="2592000" equip="1" percent="45" special="false"/>     ;Kriss S.V Alien 30D
<item index="10" id="100003279" count="604800" equip="1" percent="75" special="false"/>     ;AUG A3 Alien 7D
<item index="11" id="300005173" count="604800" equip="1" percent="75" special="false"/>    ;Cheytac M200 Alien 7D
<item index="12" id="200004297" count="604800" equip="1" percent="75" special="false"/>    ;P90 Ext Alien 7D
<item index="13" id="300005174" count="604800" equip="1" percent="75" special="false"/>    ;L115A1 Alien 7D
<item index="14" id="200004298" count="604800" equip="1" percent="75" special="false"/>     ;Kriss S.V Alien 7D
<item index="15" id="100003279" count="259200" equip="1" percent="100" special="false"/>    ;AUG A3 Alien 3D
<item index="16" id="300005173" count="259200" equip="1" percent="100" special="false"/>    ;Cheytac M200 Alien 3D
<item index="17" id="200004297" count="259200" equip="1" percent="100" special="false"/>    ;P90 Ext Alien 3D
<item index="18" id="300005174" count="259200" equip="1" percent="100" special="false"/>     ;L115A1 Alien 3D
<item index="19" id="200004298" count="259200" equip="1" percent="100" special="false"/>    ;Kriss S.V Alien 3D
<item index="20" id="702001129" count="15552000" equip="1" percent="30" special="true"/>   ;Keris Beast 180D
</list>