﻿<?xml version="1.0" encoding="utf-8" ?>
<list count="15"> ;Caixa Beast
<item index="0" id="100003256" count="5184000" equip="1" percent="20" special="false"/> ;AUG A3 Beast 60D
<item index="1" id="100003256" count="2592000" equip="1" percent="35" special="false"/> ;AUG A3 Beast 30D
<item index="2" id="100003256" count="864000" equip="1" percent="65" special="false"/> ;AUG A3 Beast 10D
<item index="3" id="100003256" count="604800" equip="1" percent="100" special="false"/> ;AUG A3 Beast 7D
<item index="4" id="300005151" count="5184000" equip="1" percent="20" special="false"/> ;Cheytac M200 Beast 60D
<item index="5" id="300005151" count="2592000" equip="1" percent="35" special="false"/> ;Cheytac M200 Beast 30D
<item index="6" id="300005151" count="864000" equip="1" percent="65" special="false"/> ;Cheytac M200 Beast 10D
<item index="7" id="300005151" count="604800" equip="1" percent="100" special="false"/> ;Cheytac M200 Beast 7D
<item index="8" id="200004258" count="5184000" equip="1" percent="20" special="false"/> ;Kriss S.V Beast 60D
<item index="9" id="200004258" count="2592000" equip="1" percent="35" special="false"/> ;Kriss S.V Beast 30D
<item index="10" id="200004258" count="864000" equip="1" percent="65" special="false"/> ;Kriss S.V Beast 10D
<item index="11" id="200004258" count="604800" equip="1" percent="100" special="false"/> ;Kriss S.V Beast 7D
<item index="12" id="400006067" count="5184000" equip="1" percent="20" special="false"/> ;M1887 Beast 60D
<item index="13" id="400006067" count="2592000" equip="1" percent="35" special="false"/> ;M1887 Beast 30D
<item index="14" id="400006067" count="864000" equip="1" percent="65" special="false"/> ;M1887 Beast 10D
<item index="15" id="400006067" count="604800" equip="1" percent="100" special="false"/> ;M1887 Beast 7D
</list>