﻿<?xml version="1.0" encoding="utf-8" ?>
<list count="20"> ;Caixa Supreme
<item index="0" id="100003299" count="5184000" equip="1" percent="15" special="false"/>     ;AUG A3 Supreme 60D
<item index="0" id="601002100" count="5184000" equip="1" percent="15" special="false"/>     ;C. Python Supreme 60D

<item index="1" id="200004325" count="5184000" equip="1" percent="15" special="false"/>     ;Kriss S.V Supreme 60D
<item index="1" id="601002100" count="5184000" equip="1" percent="15" special="false"/>     ;C. Python Supreme 60D

<item index="2" id="300005188" count="5184000" equip="1" percent="15" special="false"/>     ;Cheytac M200 Supreme 60D
<item index="2" id="601002100" count="5184000" equip="1" percent="15" special="false"/>     ;C. Python Supreme 60D

<item index="3" id="200004327" count="5184000" equip="1" percent="15" special="false"/>     ;P90 Ext Supreme 60D
<item index="3" id="601002100" count="5184000" equip="1" percent="15" special="false"/>     ;C. Python Supreme 60D

<item index="4" id="400006082" count="5184000" equip="1" percent="15" special="false"/>     ;M1887 Supreme 60D
<item index="4" id="601002100" count="5184000" equip="1" percent="15" special="false"/>     ;C. Python Supreme 60D

<item index="5" id="100003299" count="2592000" equip="1" percent="22" special="false"/>     ;AUG A3 Supreme 30D
<item index="5" id="601002100" count="2592000" equip="1" percent="22" special="false"/>     ;C. Python Supreme 30D

<item index="6" id="200004325" count="2592000" equip="1" percent="22" special="false"/>    ;Kriss S.V Supreme 30D
<item index="6" id="601002100" count="2592000" equip="1" percent="22" special="false"/>    ;C. Python Supreme 30D

<item index="7" id="300005188" count="2592000" equip="1" percent="22" special="false"/>    ;Cheytac M200 Supreme 30D
<item index="7" id="601002100" count="2592000" equip="1" percent="22" special="false"/>    ;C. Python Supreme 30D

<item index="8" id="200004327" count="2592000" equip="1" percent="22" special="false"/>     ;P90 Supreme 30D
<item index="8" id="601002100" count="2592000" equip="1" percent="22" special="false"/>     ;C. Python Supreme 30D

<item index="9" id="400006082" count="2592000" equip="1" percent="22" special="false"/>     ;M1887 Supreme 30D
<item index="9" id="601002100" count="2592000" equip="1" percent="22" special="false"/>     ;C. Python Supreme 30D

<item index="10" id="100003299" count="604800" equip="1" percent="75" special="false"/>     ;AUG A3 Supreme 7D
<item index="11" id="200004325" count="604800" equip="1" percent="75" special="false"/>    ;Kriss S.V Supreme 7D
<item index="12" id="300005188" count="604800" equip="1" percent="75" special="false"/>    ;Cheytac M200 Supreme 7D
<item index="13" id="200004327" count="604800" equip="1" percent="75" special="false"/>     ;P90 Supreme 7D
<item index="14" id="400006082" count="604800" equip="1" percent="75" special="false"/>     ;M1887 Supreme 7D

<item index="15" id="100003299" count="259200" equip="1" percent="100" special="false"/>     ;AUG A3 Supreme 3D
<item index="16" id="200004325" count="259200" equip="1" percent="100" special="false"/>    ;Kriss S.V Supreme 3D
<item index="17" id="300005188" count="259200" equip="1" percent="100" special="false"/>    ;Cheytac M200 Supreme 3D
<item index="18" id="200004327" count="259200" equip="1" percent="100" special="false"/>     ;P90 Supreme 3D
<item index="19" id="400006082" count="259200" equip="1" percent="100" special="false"/>     ;M1887 Supreme 3D
<item index="20" id="601002091" count="15552000" equip="1" percent="15" special="true"/>     ;Mk.23 Alien 180D
</list>