﻿<?xml version="1.0" encoding="utf-8" ?>
<list count="16"> ;Caixa E-Sport2
<item index="0" id="100003263" count="5184000" equip="1" percent="30" special="false"/> ;AUG A3 E-Sport2 60D
<item index="1" id="100003263" count="2592000" equip="1" percent="45" special="false"/> ;AUG A3 E-Sport2 30D
<item index="2" id="100003263" count="604800" equip="1" percent="60" special="false"/> ;AUG A3 E-Sport2 7D
<item index="3" id="100003263" count="259200" equip="1" percent="100" special="false"/> ;AUG A3 E-Sport2 3D

<item index="4" id="300005161" count="5184000" equip="1" percent="30" special="false"/> ;Tactilite T2 E-Sport2 60D
<item index="5" id="300005161" count="2592000" equip="1" percent="45" special="false"/> ;Tactilite T2 E-Sport2 30D
<item index="6" id="300005161" count="604800" equip="1" percent="60" special="false"/> ;Tactilite T2 E-Sport2 7D
<item index="7" id="300005161" count="259200" equip="1" percent="100" special="false"/> ;Tactilite T2 E-Sport2 3D

<item index="8" id="200004270" count="5184000" equip="1" percent="30" special="false"/> ;Kriss S.V E-Sport2 60D
<item index="9" id="200004270" count="2592000" equip="1" percent="45" special="false"/> ;Kriss S.V E-Sport2 30D
<item index="10" id="200004270" count="604800" equip="1" percent="60" special="false"/> ;Kriss S.V E-Sport2 7D
<item index="11" id="200004270" count="259200" equip="1" percent="100" special="false"/> ;Kriss S.V E-Sport2 3D

<item index="12" id="100003264" count="5184000" equip="1" percent="30" special="false"/> ;Famas G2 M203 E-Sport2 60D
<item index="13" id="100003264" count="2592000" equip="1" percent="45" special="false"/> ;Famas G2 M203 E-Sport2 30D
<item index="14" id="100003264" count="604800" equip="1" percent="60" special="false"/> ;Famas G2 M203 E-Sport2 7D
<item index="15" id="100003264" count="259200" equip="1" percent="100" special="false"/> ;Famas G2 M203 E-Sport2 3D

<item index="16" id="702015012" count="15552000" equip="1" percent="30" special="true"/> ;Dual Kunai Serpent 180D
</list>