﻿<?xml version="1.0" encoding="utf-8" ?>
<list count="11"> Sniper 7D Random Box
<item index="0" id="300005256" count="604800" equip="1" percent="10" special="false"/> ;Cheytac M200 Fear 7D
<item index="1" id="300005121" count="604800" equip="1" percent="20" special="false"/> ;Cheytac M200 G. 7D
<item index="2" id="300005055" count="604800" equip="1" percent="32" special="false"/> ;Cheytac M200 GSL 7D
<item index="3" id="300005086" count="604800" equip="1" percent="11" special="false"/> ;Cheytac M200 W.O.E 7D
<item index="4" id="300005063" count="604800" equip="1" percent="7" special="false"/> ;Cheytac M200 Turkey 7D
<item index="5" id="300005123" count="604800" equip="1" percent="10" special="false"/> ;Tactilite T2 7D
<item index="6" id="300005132" count="604800" equip="1" percent="20" special="false"/> ;Tactilite T2 Gold 7D
<item index="7" id="300005092" count="604800" equip="1" percent="32" special="false"/> ;L115A1 Toy 7D
<item index="8" id="300005033" count="604800" equip="1" percent="11" special="false"/> ;L115A1 ES 7D
<item index="9" id="300005031" count="604800" equip="1" percent="10" special="false"/> ;Winchester M70 7D
<item index="10" id="300005062" count="604800" equip="1" percent="20" special="false"/> ;Rangemaster 7.62 STBY 7D
<item index="11" id="300005032" count="604800" equip="1" percent="32" special="false"/> ;Barrett M82A1 7D
</list>