﻿<?xml version="1.0" encoding="utf-8" ?>
<list count="20"> ;Caixa Dark Steel
	<item index="0" id="100003295" count="5184000" equip="1" percent="15" special="false"/>     ;AUG A3 Dark Steel 60D
	<item index="0" id="601002098" count="5184000" equip="1" percent="15" special="false"/>     ;C. Python Dark Steel 60D
	<item index="1" id="200004318" count="5184000" equip="1" percent="15" special="false"/>     ;Kriss S.V Dark Steel 60D
	<item index="1" id="601002098" count="5184000" equip="1" percent="15" special="false"/>     ;C. Python Dark Steel 60D
	<item index="2" id="300005185" count="5184000" equip="1" percent="15" special="false"/>     ;Cheytac M200 Dark Steel 60D
	<item index="2" id="601002098" count="5184000" equip="1" percent="15" special="false"/>     ;C. Python Dark Steel 60D
	<item index="3" id="200004320" count="5184000" equip="1" percent="15" special="false"/>     ;P90 Ext Dark Steel 60D
	<item index="3" id="601002098" count="5184000" equip="1" percent="15" special="false"/>     ;C. Python Dark Steel 60D
	<item index="4" id="400006080" count="5184000" equip="1" percent="15" special="false"/>     ;M1887 Dark Steel 60D
	<item index="4" id="601002098" count="5184000" equip="1" percent="15" special="false"/>     ;C. Python Dark Steel 60D

	<item index="5" id="100003295" count="2592000" equip="1" percent="22" special="false"/>     ;AUG A3 Dark Steel 30D
	<item index="5" id="601002098" count="2592000" equip="1" percent="22" special="false"/>     ;C. Python Dark Steel 30D
	<item index="6" id="200004318" count="2592000" equip="1" percent="22" special="false"/>    ;Kriss S.V Dark Steel 30D
	<item index="6" id="601002098" count="2592000" equip="1" percent="22" special="false"/>     ;C. Python Dark Steel 30D
	<item index="7" id="300005185" count="2592000" equip="1" percent="22" special="false"/>    ;Cheytac M200 Dark Steel 30D
	<item index="7" id="601002098" count="2592000" equip="1" percent="22" special="false"/>     ;C. Python Dark Steel 30D
	<item index="8" id="200004320" count="2592000" equip="1" percent="22" special="false"/>     ;P90 Dark Steel 30D
	<item index="8" id="601002098" count="2592000" equip="1" percent="22" special="false"/>     ;C. Python Dark Steel 30D
	<item index="9" id="400006080" count="2592000" equip="1" percent="22" special="false"/>     ;M1887 Dark Steel 30D
	<item index="9" id="601002098" count="2592000" equip="1" percent="22" special="false"/>     ;C. Python Dark Steel 30D

	<item index="10" id="100003295" count="604800" equip="1" percent="75" special="false"/>     ;AUG A3 Dark Steel 7D
	<item index="11" id="200004318" count="604800" equip="1" percent="75" special="false"/>    ;Kriss S.V Dark Steel 7D
	<item index="12" id="300005185" count="604800" equip="1" percent="75" special="false"/>    ;Cheytac M200 Dark Steel 7D
	<item index="13" id="200004320" count="604800" equip="1" percent="75" special="false"/>     ;P90 Dark Steel 7D
	<item index="14" id="400006080" count="604800" equip="1" percent="75" special="false"/>     ;M1887 Dark Steel 7D

	<item index="15" id="100003295" count="259200" equip="1" percent="100" special="false"/>     ;AUG A3 Dark Steel 3D
	<item index="16" id="200004318" count="259200" equip="1" percent="100" special="false"/>    ;Kriss S.V Dark Steel 3D
	<item index="17" id="300005185" count="259200" equip="1" percent="100" special="false"/>    ;Cheytac M200 Dark Steel 3D
	<item index="18" id="200004320" count="259200" equip="1" percent="100" special="false"/>     ;P90 Dark Steel 3D
	<item index="19" id="400006080" count="259200" equip="1" percent="100" special="false"/>     ;M1887 Dark Steel 3D
	<item index="20" id="702001150" count="15552000" equip="1" percent="15" special="true"/>     ;Machete de Combate Newborn2016 180D
</list>