﻿<?xml version="1.0" encoding="utf-8" ?>
<list count="7"> ;Presente Box
<item index="0" id="200004172" count="259200" equip="1" percent="75" special="false"/>     ;KRISSSUPERV_CNY2015
<item index="1" id="100003479" count="259200" equip="1" percent="25" special="false"/>     ;_AUG_A3_RENEGADE2
<item index="2" id="702001184" count="259200" equip="1" percent="85" special="false"/>     ;KARAMBIT_CNPB_T5
<item index="3" id="200004613" count="259200" equip="1" percent="80" special="false"/>     ;SMG_OA_93_VIT0RIA
<item index="4" id="100003063" count="259200" equip="1" percent="65" special="false"/>     ;AUG_A3_ESPORT
<item index="5" id="100003062" count="259200" equip="1" percent="55" special="false"/>     ;FAMAS_G2_COMMANDO_ESPORT
<item index="6" id="300005124" count="259200" equip="1" percent="60" special="false"/>    ;CHEYTAC_M200_SHEEP
<item index="7" id="1103003021" count="259200" equip="1" percent="30" special="false"/>    ;BeretRussianNormal
</list>