﻿<?xml version="1.0" encoding="utf-8" ?>
<list count="15"> ;Caixa Silence
<item index="0" id="100003249" count="5184000" equip="1" percent="30" special="false"/> ;AUG A3 Silence 60D
<item index="1" id="100003249" count="2592000" equip="1" percent="45" special="false"/> ;AUG A3 Silence 30D
<item index="2" id="100003249" count="604800" equip="1" percent="60" special="false"/> ;AUG A3 Silence 7D
<item index="3" id="100003249" count="259200" equip="1" percent="80" special="false"/> ;AUG A3 Silence 3D
<item index="4" id="100003249" count="86400" equip="1" percent="100" special="false"/> ;AUG A3 Silence 1D

<item index="5" id="300005144" count="5184000" equip="1" percent="30" special="false"/> ;Cheytac M200 Silence 60D
<item index="6" id="300005144" count="2592000" equip="1" percent="45" special="false"/> ;Cheytac M200 Silence 30D
<item index="7" id="300005144" count="604800" equip="1" percent="60" special="false"/> ;Cheytac M200 Silence 7D
<item index="8" id="300005144" count="259200" equip="1" percent="80" special="false"/> ;Cheytac M200 Silence 3D
<item index="9" id="300005144" count="86400" equip="1" percent="100" special="false"/> ;Cheytac M200 Silence 1D

<item index="10" id="200004108" count="5184000" equip="1" percent="30" special="false"/> ;Kriss S.V Silence 60D
<item index="11" id="200004108" count="2592000" equip="1" percent="45" special="false"/> ;Kriss S.V Silence 30D
<item index="12" id="200004108" count="604800" equip="1" percent="60" special="false"/> ;Kriss S.V Silence 7D
<item index="13" id="200004108" count="259200" equip="1" percent="80" special="false"/> ;Kriss S.V Silence 3D
<item index="14" id="200004108" count="86400" equip="1" percent="100" special="false"/> ;Kriss S.V Silence 1D

<item index="15" id="702015011" count="15552000" equip="1" percent="30" special="true"/> ;Dual Knife Vera Cruz 2016 180D
</list>