﻿<?xml version="1.0" encoding="utf-8" ?>
<list count="20"> ;Caixa Blue Diamond
<item index="0" id="100003277" count="5184000" equip="1" percent="30" special="false"/>     ;AUG A3 Blue Diamond 60D
<item index="1" id="300005170" count="5184000" equip="1" percent="30" special="false"/>     ;Cheytac M200 Blue Diamond 60D
<item index="2" id="300005171" count="5184000" equip="1" percent="30" special="false"/>      ;Tactilite T2 Blue Diamond 60D
<item index="3" id="200004292" count="5184000" equip="1" percent="30" special="false"/>     ;OA-93 Blue Diamond 60D
<item index="4" id="400006073" count="5184000" equip="1" percent="30" special="false"/>     ;SPAS-15 Blue Diamond 60D
<item index="5" id="100003277" count="2592000" equip="1" percent="45" special="false"/>     ;AUG A3 Blue Diamond 30D
<item index="6" id="300005170" count="2592000" equip="1" percent="45" special="false"/>      ;Cheytac M200 Blue Diamond 30D
<item index="7" id="300005171" count="2592000" equip="1" percent="45" special="false"/>     ;Tactilite T2 Blue Diamond 30D
<item index="8" id="200004292" count="2592000" equip="1" percent="45" special="false"/>     ;OA-93 Blue Diamond 30D
<item index="9" id="400006073" count="2592000" equip="1" percent="45" special="false"/>     ;SPAS-15 Blue Diamond 30D
<item index="10" id="100003277" count="604800" equip="1" percent="75" special="false"/>     ;AUG A3 Blue Diamond 7D
<item index="11" id="300005170" count="604800" equip="1" percent="75" special="false"/>    ;Cheytac M200 Blue Diamond 7D
<item index="12" id="300005171" count="604800" equip="1" percent="75" special="false"/>    ;Tactilite T2 Blue Diamond 7D
<item index="13" id="200004292" count="604800" equip="1" percent="75" special="false"/>    ;OA-93 Blue Diamond 7D
<item index="14" id="400006073" count="604800" equip="1" percent="75" special="false"/>     ;SPAS-15 Blue Diamond 7D
<item index="15" id="100003277" count="259200" equip="1" percent="100" special="false"/>    ;AUG A3 Blue Diamond 3D
<item index="16" id="300005170" count="259200" equip="1" percent="100" special="false"/>    ;Cheytac M200 Blue Diamond 3D
<item index="17" id="300005171" count="259200" equip="1" percent="100" special="false"/>    ;Tactilite T2 Blue Diamond 3D
<item index="18" id="200004292" count="259200" equip="1" percent="100" special="false"/>     ;OA-93 Blue Diamond 3D
<item index="19" id="400006073" count="259200" equip="1" percent="100" special="false"/>    ;SPAS-15 Blue Diamond 3D
<item index="20" id="702001143" count="15552000" equip="1" percent="30" special="true"/>   ;Amok Kukri Poison 180D
</list>