﻿<?xml version="1.0" encoding="utf-8" ?>
<list count="20"> ;Caixa Cupido
<item index="0" id="100003250" count="5184000" equip="1" percent="30" special="false"/> ;AUG A3 Cupido 60d
<item index="1" id="100003250" count="2592000" equip="1" percent="45" special="false"/> ;AUG A3 Cupido 30d
<item index="2" id="100003250" count="604800" equip="1" percent="70" special="false"/> ;AUG A3 Cupido 7d
<item index="3" id="100003250" count="259200" equip="1" percent="100" special="false"/> ;AUG A3 Cupido 3d
<item index="4" id="300005147" count="5184000" equip="1" percent="30" special="false"/> ;Cheytac M200 Cupido 60d
<item index="5" id="300005147" count="2592000" equip="1" percent="45" special="false"/> ;Cheytac M200 Cupido 30d
<item index="6" id="300005147" count="604800" equip="1" percent="70" special="false"/> ;Cheytac M200 Cupido 7d
<item index="7" id="300005147" count="259200" equip="1" percent="100" special="false"/> ;Cheytac M200 Cupido 3d
<item index="8" id="200004017" count="5184000" equip="1" percent="30" special="false"/> ;P90 Ext Cupido 60d
<item index="9" id="200004017" count="2592000" equip="1" percent="45" special="false"/> ;P90 Ext Cupido 30d
<item index="10" id="200004017" count="604800" equip="1" percent="70" special="false"/> ;P90 Ext Cupido 7d
<item index="11" id="200004017" count="259200" equip="1" percent="100" special="false"/> ;P90 Ext Cupido 3d
<item index="12" id="400006065" count="5184000" equip="1" percent="30" special="false"/> ;M1887 Cupido 60d
<item index="13" id="400006065" count="2592000" equip="1" percent="45" special="false"/> ;M1887 Cupido 30d
<item index="14" id="400006065" count="604800" equip="1" percent="70" special="false"/> ;M1887 Cupido 7d
<item index="15" id="400006065" count="259200" equip="1" percent="100" special="false"/> ;M1887 Cupido 3d
<item index="16" id="200004005" count="5184000" equip="1" percent="30" special="false"/> ;Kriss S.V Cupido 60d
<item index="17" id="200004005" count="2592000" equip="1" percent="45" special="false"/> ;Kriss S.V Cupido 30d
<item index="18" id="200004005" count="604800" equip="1" percent="70" special="false"/> ;Kriss S.V Cupido 7d
<item index="19" id="200004005" count="259200" equip="1" percent="100" special="false"/> ;Kriss S.V Cupido 3d
<item index="20" id="1103003018" count="15552000" equip="1" percent="30" special="true"/> ;Boina Vera Cruz 180d
</list>