﻿<?xml version="1.0" encoding="utf-8" ?>
<list count="7"> ;CS Weapon Crate 2
<item index="0" id="100003392" count="2592000" equip="1" percent="75" special="false"/>     ;AUG_A3_REBEL
<item index="1" id="300005232" count="604800" equip="1" percent="25" special="true"/>     ;BARRETT_PREMIUM
<item index="2" id="702001210" count="2592000" equip="1" percent="85" special="false"/>     ;SYRINGE_HALLOWEEN
<item index="3" id="200004613" count="604800" equip="1" percent="80" special="false"/>     ;SMG_OA_93_VIT0RIA
<item index="4" id="400006051" count="604800" equip="1" percent="65" special="false"/>     ;WATERGUN
<item index="5" id="400006047" count="86400" equip="1" percent="55" special="false"/>     ;CERBERUS
<item index="6" id="400006088" count="86400" equip="1" percent="60" special="false"/>    ;ZOMBIE_SLAYER_ICE
<item index="7" id="1508000000" count="1" equip="1" percent="30" special="true"/>    ;Point 8,000,00
</list>