﻿<?xml version="1.0" encoding="utf-8" ?>
<list count="16"> ;Caixa Demonic
<item index="0" id="100003274" count="5184000" equip="1" percent="30" special="false"/> ;AUG A3 Demonic 60d
<item index="1" id="100003274" count="2592000" equip="1" percent="45" special="false"/> ;AUG A3 Demonic 30d
<item index="2" id="100003274" count="604800" equip="1" percent="70" special="false"/> ;AUG A3 Demonic 7d
<item index="3" id="100003274" count="259200" equip="1" percent="100" special="false"/> ;AUG A3 Demonic 3d
<item index="4" id="300005167" count="5184000" equip="1" percent="30" special="false"/> ;Cheytac M200 Demonic 60d
<item index="5" id="300005167" count="2592000" equip="1" percent="45" special="false"/> ;Cheytac M200 Demonic 30d
<item index="6" id="300005167" count="604800" equip="1" percent="70" special="false"/> ;Cheytac M200 Demonic 7d
<item index="7" id="300005167" count="259200" equip="1" percent="100" special="false"/> ;Cheytac M200 Demonic 3d
<item index="8" id="200004288" count="5184000" equip="1" percent="30" special="false"/> ;P90 Ext Demonic 60d
<item index="9" id="200004288" count="2592000" equip="1" percent="45" special="false"/> ;P90 Ext Demonic 30d
<item index="10" id="200004288" count="604800" equip="1" percent="70" special="false"/> ;P90 Ext Demonic 7d
<item index="11" id="200004288" count="259200" equip="1" percent="100" special="false"/> ;P90 Ext Demonic 3d
<item index="12" id="200004286" count="5184000" equip="1" percent="30" special="false"/> ;Kriss S.V Demonic 60d
<item index="13" id="200004286" count="2592000" equip="1" percent="45" special="false"/> ;Kriss S.V Demonic 30d
<item index="14" id="200004286" count="604800" equip="1" percent="70" special="false"/> ;Kriss S.V Demonic 7d
<item index="15" id="200004286" count="259200" equip="1" percent="100" special="false"/> ;Kriss S.V Demonic 3d
<item index="16" id="702001129" count="15552000" equip="1" percent="30" special="true"/> ;Keris Beast 180d
</list>