<?xml version="1.0" encoding="utf-8" ?>
<list count="19"> ;Caixa AUG A3 Pro
<item index="0" id="100003318" count="86400" equip="1" percent="100" special="false"/> ;AUG A3 Hibrydman 1D
<item index="1" id="100003317" count="86400" equip="1" percent="100" special="false"/> ;AUG A3 Chicken 1D
<item index="10" id="100003318" count="259200" equip="1" percent="30" special="false"/> ;AUG A3 Hibrydman 3D
<item index="11" id="100003317" count="259200" equip="1" percent="30" special="false"/> ;AUG A3 Chicken 3D
<item index="12" id="100003347" count="259200" equip="1" percent="30" special="false"/> ;AUG A3 Green 3D
<item index="13" id="100003178" count="259200" equip="1" percent="30" special="false"/> ;AUG A3 CoupleBreaker 3D
<item index="14" id="100003400" count="259200" equip="1" percent="30" special="false"/> ;AUG A3 Latin7 3D
<item index="15" id="100003426" count="259200" equip="1" percent="30" special="false"/> ;AUG A3 Pandora 3D
<item index="16" id="100003459" count="259200" equip="1" percent="30" special="false"/> ;AUG A3 White Rabbit 3D
<item index="17" id="100003437" count="259200" equip="1" percent="30" special="false"/> ;AUG A3 GRSV 3D
<item index="18" id="100003462" count="259200" equip="1" percent="30" special="false"/> ;AUG A3 Ramadham 2018 3D
<item index="19" id="100003458" count="259200" equip="1" percent="30" special="false"/> ;AUG A3 Midnight4 3D
<item index="2" id="100003347" count="86400" equip="1" percent="100" special="false"/> ;AUG A3 Green 1D
<item index="3" id="100003178" count="86400" equip="1" percent="100" special="false"/> ;AUG A3 CoupleBreaker 1D
<item index="4" id="100003400" count="86400" equip="1" percent="100" special="false"/> ;AUG A3 Latin7 1D
<item index="5" id="100003426" count="86400" equip="1" percent="100" special="false"/> ;AUG A3 Pandora 1D
<item index="6" id="100003459" count="86400" equip="1" percent="100" special="false"/> ;AUG A3 White Rabbit 1D
<item index="7" id="100003437" count="86400" equip="1" percent="100" special="false"/> ;AUG A3 GRSV 1D
<item index="8" id="100003462" count="86400" equip="1" percent="100" special="false"/> ;AUG A3 Ramadham 2018 1D
<item index="9" id="100003458" count="86400" equip="1" percent="100" special="false"/> ;AUG A3 Midnight4 1D
</list>