﻿<?xml version="1.0" encoding="utf-8" ?>
<list count="11"> ;Caixa Halloween 2016
<item index="0" id="100003300" count="5184000" equip="1" percent="15" special="false"/> ;AUG A3 Halloween 2016 60D
<item index="0" id="702001162" count="5184000" equip="1" percent="15" special="false"/> ;Halloween Hammer 60D

<item index="1" id="200004328" count="5184000" equip="1" percent="15" special="false"/> ;OA-93 Halloween 2016 60D
<item index="1" id="702001162" count="5184000" equip="1" percent="15" special="false"/> ;Halloween Hammer 60D

<item index="2" id="300005189" count="5184000" equip="1" percent="15" special="false"/> ;Cheytac M200 Halloween 2016 60D
<item index="2" id="702001162" count="5184000" equip="1" percent="15" special="false"/> ;Halloween Hammer 60D

<item index="3" id="100003300" count="2592000" equip="1" percent="25" special="false"/> ;AUG A3 Halloween 2016 30D
<item index="3" id="702001162" count="2592000" equip="1" percent="25" special="false"/> ;Halloween Hammer 30D

<item index="4" id="200004328" count="2592000" equip="1" percent="25" special="false"/> ;OA-93 Halloween 2016 30D
<item index="4" id="702001162" count="2592000" equip="1" percent="25" special="false"/> ;Halloween Hammer 30D

<item index="5" id="300005189" count="2592000" equip="1" percent="25" special="false"/> ;Cheytac M200 Halloween 2016 30D
<item index="5" id="702001162" count="2592000" equip="1" percent="25" special="false"/> ;Halloween Hammer 30D

<item index="6" id="100003300" count="604800" equip="1" percent="75" special="false"/> ;AUG A3 Halloween 2016 7D
<item index="7" id="200004328" count="604800" equip="1" percent="75" special="false"/> ;OA-93 Halloween 2016 7D
<item index="8" id="300005189" count="604800" equip="1" percent="75" special="false"/> ;Cheytac M200 Halloween 2016 7D

<item index="9" id="100003300" count="259200" equip="1" percent="100" special="false"/> ;AUG A3 Halloween 2016 3D
<item index="10" id="200004328" count="259200" equip="1" percent="100" special="false"/> ;OA-93 Halloween 2016 3D
<item index="11" id="300005189" count="259200" equip="1" percent="100" special="false"/> ;Cheytac M200 Halloween 2016 3D
</list>