﻿<?xml version="1.0" encoding="utf-8" ?>
<list count="23"> ;Caixa Woody A
<item index="0" id="100003280" count="5184000" equip="1" percent="30" special="false"/> ;AUG A3 Woody 60D
<item index="1" id="100003281" count="5184000" equip="1" percent="30" special="false"/> ;XM8 Woody 60D
<item index="2" id="400006075" count="5184000" equip="1" percent="30" special="false"/> ;M1887 Woody 60D
<item index="3" id="100003280" count="2592000" equip="1" percent="50" special="false"/> ;AUG A3 Woody 30D
<item index="4" id="100003281" count="2592000" equip="1" percent="50" special="false"/> ;XM8 Woody 30D
<item index="5" id="400006075" count="2592000" equip="1" percent="50" special="false"/> ;M1887 Woody 30D
<item index="6" id="200004024" count="2592000" equip="1" percent="50" special="false"/> ;MP5K G D. 30D
<item index="7" id="100003043" count="2592000" equip="1" percent="50" special="false"/> ;M4 SR-16 Lv2 30D
<item index="8" id="100003209" count="2592000" equip="1" percent="50" special="false"/> ;Vz.52 BlackPearl 30D
<item index="9" id="100003115" count="2592000" equip="1" percent="50" special="false"/> ;AN-94 30D
<item index="10" id="100003280" count="604800" equip="1" percent="70" special="false"/> ;AUG A3 Woody 7D
<item index="11" id="100003281" count="604800" equip="1" percent="70" special="false"/> ;XM8 Woody 7D
<item index="12" id="400006075" count="604800" equip="1" percent="70" special="false"/> ;M1887 Woody 7D
<item index="13" id="200004024" count="604800" equip="1" percent="70" special="false"/> ;MP5K G D. 7D
<item index="14" id="100003043" count="604800" equip="1" percent="70" special="false"/> ;M4 SR-16 Lv2 7D
<item index="15" id="100003209" count="604800" equip="1" percent="70" special="false"/> ;Vz.52 BlackPearl 7D
<item index="16" id="100003115" count="604800" equip="1" percent="70" special="false"/> ;AN-94 7D
<item index="17" id="100003280" count="259200" equip="1" percent="100" special="false"/> ;AUG A3 Woody 3D
<item index="18" id="100003281" count="259200" equip="1" percent="100" special="false"/> ;XM8 Woody 3D
<item index="19" id="400006075" count="259200" equip="1" percent="100" special="false"/> ;M1887 Woody 3D
<item index="20" id="200004024" count="259200" equip="1" percent="100" special="false"/> ;MP5K G D. 3D
<item index="21" id="100003043" count="259200" equip="1" percent="100" special="false"/> ;M4 SR-16 Lv2 3D
<item index="22" id="100003209" count="259200" equip="1" percent="100" special="false"/> ;Vz.52 BlackPearl 3D
<item index="23" id="100003115" count="259200" equip="1" percent="100" special="false"/> ;AN-94 3D
</list>