﻿<?xml version="1.0" encoding="utf-8" ?>
<list count="20"> ;Caixa Gorgeous
<item index="0" id="100003302" count="5184000" equip="1" percent="30" special="false"/> ;AUG A3 Gorgeous 60D
<item index="1" id="200004332" count="5184000" equip="1" percent="30" special="false"/> ;OA-93 Gorgeous 60D
<item index="2" id="200004330" count="5184000" equip="1" percent="30" special="false"/> ;Kriss S.V Gorgeous 60D
<item index="3" id="100003301" count="5184000" equip="1" percent="30" special="false"/> ;AK-12 Gorgeous 60D
<item index="4" id="400006084" count="5184000" equip="1" percent="30" special="false"/> ;Cerberus Gorgeous 60D

<item index="5" id="100003302" count="2592000" equip="1" percent="45" special="false"/> ;AUG A3 Gorgeous 30D
<item index="6" id="200004332" count="2592000" equip="1" percent="45" special="false"/> ;OA-93 Gorgeous 30D
<item index="7" id="200004330" count="2592000" equip="1" percent="45" special="false"/> ;Kriss S.V Gorgeous 30D
<item index="8" id="100003301" count="2592000" equip="1" percent="45" special="false"/> ;AK-12 Gorgeous 30D
<item index="9" id="400006084" count="2592000" equip="1" percent="45" special="false"/> ;Cerberus Gorgeous 30D

<item index="10" id="100003302" count="604800" equip="1" percent="75" special="false"/> ;AUG A3 Gorgeous 7D
<item index="11" id="200004332" count="604800" equip="1" percent="75" special="false"/> ;OA-93 Gorgeous 7D
<item index="12" id="200004330" count="604800" equip="1" percent="75" special="false"/> ;Kriss S.V Gorgeous 7D
<item index="13" id="100003301" count="604800" equip="1" percent="75" special="false"/> ;AK-12 Gorgeous 7D
<item index="14" id="400006084" count="604800" equip="1" percent="75" special="false"/> ;Cerberus Gorgeous 7D

<item index="15" id="100003302" count="259200" equip="1" percent="100" special="false"/> ;AUG A3 Gorgeous 3D
<item index="16" id="200004332" count="259200" equip="1" percent="100" special="false"/> ;OA-93 Gorgeous 3D
<item index="17" id="200004330" count="259200" equip="1" percent="100" special="false"/> ;Kriss S.V Gorgeous 3D
<item index="18" id="100003301" count="259200" equip="1" percent="100" special="false"/> ;AK-12 Gorgeous 3D
<item index="19" id="400006084" count="259200" equip="1" percent="100" special="false"/> ;Cerberus Gorgeous 3D

<item index="20" id="702001159" count="15552000" equip="1" percent="30" special="true"/> ;Fang Blade DarkSteel 180D
</list>